사건번호,품목,hs_code,규제국,후보국,분석시작월,sr_min,sr_best_lag,sr_risk
9,OPP필름,392020,중국,미국,2013.12,-1.0,3,1.0
48,도공(coated) 인쇄용지,4810,핀란드,말레이시아,2024.03,-1.0,1,1.0
51,합판,4412,말레이시아,루마니아,2024.07,-1.0,3,1.0
54,OPP필름,392020,태국,독일,2025.04,-1.0,3,1.0
2,크라프트지(1차재심),4804,캐나다,보스니아-헤르체고비나,2012.04,-0.9856107606091624,1,0.9856107606091624
26,PET필름,392062,대만,파키스탄,2018.04,-0.9856107606091624,0,0.9856107606091624
2,크라프트지(1차재심),4804,미국,스웨덴,2012.04,-0.942857142857143,3,0.942857142857143
2,크라프트지(1차재심),4804,중국,독일,2012.04,-0.942857142857143,3,0.942857142857143
4,알루미늄 보틀캔,761290,일본,스위스,2013.01,-0.942857142857143,3,0.942857142857143
6,스테인레스스틸바(2차재심),7222,인도,대만,2013.11,-0.942857142857143,1,0.942857142857143
6,스테인레스스틸바(2차재심),7222,인도,스웨덴,2013.11,-0.942857142857143,3,0.942857142857143
9,OPP필름,392020,중국,필리핀,2013.12,-0.942857142857143,2,0.942857142857143
9,OPP필름,392020,중국,홍콩,2013.12,-0.942857142857143,2,0.942857142857143
9,OPP필름,392020,태국,영국,2013.12,-0.942857142857143,3,0.942857142857143
10,합판(1차재심),4412,말레이시아,라트비아,2014.09,-0.942857142857143,1,0.942857142857143
10,합판(1차재심),4412,말레이시아,이탈리아,2014.09,-0.942857142857143,1,0.942857142857143
13,공기압 전송용 밸브,848120,일본,폴란드,2015.08,-0.942857142857143,1,0.942857142857143
19,PET필름(2차재심),392062,중국,이탈리아,2016.01,-0.942857142857143,0,0.942857142857143
19,PET필름(2차재심),392062,중국,인도네시아,2016.01,-0.942857142857143,0,0.942857142857143
22,합판(2차재심),4412,말레이시아,미국,2017.05,-0.942857142857143,1,0.942857142857143
22,합판(2차재심),4412,말레이시아,베트남,2017.05,-0.942857142857143,1,0.942857142857143
31,OPP필름(1차재심),392020,중국,베트남,2019.08,-0.942857142857143,2,0.942857142857143
34,합판,4412,말레이시아,스페인,2020.11,-0.942857142857143,1,0.942857142857143
35,합판,4412,중국,일본,2020.11,-0.942857142857143,1,0.942857142857143
36,합판,4412,베트남,벨기에,2020.11,-0.942857142857143,1,0.942857142857143
41,"인쇄제판용 평면모양 사진 플레이트(옵셋 인쇄판, 더블레이어 제품)",370130,중국,미국,2022.11,-0.942857142857143,1,0.942857142857143
48,도공(coated) 인쇄용지,4810,중국,필리핀,2024.03,-0.942857142857143,1,0.942857142857143
48,도공(coated) 인쇄용지,4810,핀란드,이탈리아,2024.03,-0.942857142857143,2,0.942857142857143
50,합판,4412,중국,인도네시아,2024.07,-0.942857142857143,1,0.942857142857143
51,합판,4412,말레이시아,라트비아,2024.07,-0.942857142857143,3,0.942857142857143
51,합판,4412,말레이시아,헝가리,2024.07,-0.942857142857143,3,0.942857142857143
10,합판(1차재심),4412,말레이시아,스위스,2014.09,-0.9411239481143202,3,0.9411239481143202
10,합판(1차재심),4412,말레이시아,영국,2014.09,-0.9411239481143202,2,0.9411239481143202
35,합판,4412,중국,노르웨이,2020.11,-0.9411239481143202,3,0.9411239481143202
1,PET필름(1차재심),392062,인도,이탈리아,2012.05,-0.9276336570439176,3,0.9276336570439176
2,크라프트지(1차재심),4804,미국,체코공화국,2012.04,-0.9276336570439176,1,0.9276336570439176
2,크라프트지(1차재심),4804,중국,에스토니아,2012.04,-0.9276336570439176,3,0.9276336570439176
14,합판(신규공급자조사),4412,중국,프랑스,2014.02,-0.9276336570439176,2,0.9276336570439176
15,합판(신규공급자조사),4412,중국,프랑스,2014.02,-0.9276336570439176,2,0.9276336570439176
16,합판(신규공급자조사),4412,중국,프랑스,2014.02,-0.9276336570439176,2,0.9276336570439176
51,합판,4412,말레이시아,칠레,2024.07,-0.9276336570439176,3,0.9276336570439176
6,스테인레스스틸바(2차재심),7222,스페인,중국,2013.11,-0.9276336570439174,1,0.9276336570439174
4,알루미늄 보틀캔,761290,일본,체코공화국,2013.01,-0.9258200997725516,3,0.9258200997725516
26,PET필름,392062,태국,바레인,2018.04,-0.8986451052612952,2,0.8986451052612952
2,크라프트지(1차재심),4804,중국,대만,2012.04,-0.8857142857142858,2,0.8857142857142858
2,크라프트지(1차재심),4804,중국,러시아 연방,2012.04,-0.8857142857142858,0,0.8857142857142858
2,크라프트지(1차재심),4804,캐나다,오스트리아,2012.04,-0.8857142857142858,3,0.8857142857142858
4,알루미늄 보틀캔,761290,일본,중국,2013.01,-0.8857142857142858,2,0.8857142857142858
6,스테인레스스틸바(2차재심),7222,인도,미국,2013.11,-0.8857142857142858,2,0.8857142857142858
6,스테인레스스틸바(2차재심),7222,인도,중국,2013.11,-0.8857142857142858,3,0.8857142857142858
9,OPP필름,392020,중국,베트남,2013.12,-0.8857142857142858,3,0.8857142857142858
11,두꺼운 PET필름,392062,일본,말레이시아,2014.12,-0.8857142857142858,0,0.8857142857142858
20,침엽수 합판,441232,중국,핀란드,2016.03,-0.8857142857142858,2,0.8857142857142858
24,옵셋인쇄판,370130,중국,일본,2017.09,-0.8857142857142858,3,0.8857142857142858
26,PET필름,392062,태국,홍콩,2018.04,-0.8857142857142858,0,0.8857142857142858
31,OPP필름(1차재심),392020,중국,대만,2019.08,-0.8857142857142858,2,0.8857142857142858
32,PET필름(3차재심),392062,중국,미국,2019.09,-0.8857142857142858,1,0.8857142857142858
35,합판,4412,중국,미국,2020.11,-0.8857142857142858,3,0.8857142857142858
37,스테인리스스틸바,7222,인도,독일,2021.01,-0.8857142857142858,1,0.8857142857142858
37,스테인리스스틸바,7222,인도,슬로베니아,2021.01,-0.8857142857142858,0,0.8857142857142858
37,스테인리스스틸바,7222,일본,대만,2021.01,-0.8857142857142858,1,0.8857142857142858
39,PET필름,392062,대만,필리핀,2021.12,-0.8857142857142858,3,0.8857142857142858
39,PET필름,392062,태국,필리핀,2021.12,-0.8857142857142858,3,0.8857142857142858
44,이음매없는동관,7411,중국,독일,2023.03,-0.8857142857142858,3,0.8857142857142858
48,도공(coated) 인쇄용지,4810,일본,뉴질랜드,2024.03,-0.8857142857142858,0,0.8857142857142858
48,도공(coated) 인쇄용지,4810,핀란드,오스트리아,2024.03,-0.8857142857142858,1,0.8857142857142858
48,도공(coated) 인쇄용지,4810,일본,태국,2024.03,-0.8827348295047495,3,0.8827348295047495
40,플로트판유리,7005,중국,라트비아,2022.04,-0.8804062740424288,3,0.8804062740424288
52,합판,4412,베트남,스페인,2024.07,-0.8804062740424288,2,0.8804062740424288
56,석유수지,391110,대만,프랑스,2025.08,-0.8804062740424288,2,0.8804062740424288
36,합판,4412,베트남,필리핀,2020.11,-0.8696565534786727,1,0.8696565534786727
44,이음매없는동관,7411,베트남,체코공화국,2023.03,-0.8696565534786727,3,0.8696565534786727
1,PET필름(1차재심),392062,인도,벨기에,2012.05,-0.8451542547285166,3,0.8451542547285166
1,PET필름(1차재심),392062,인도,스위스,2012.05,-0.8451542547285166,3,0.8451542547285166
1,PET필름(1차재심),392062,중국,벨기에,2012.05,-0.8451542547285166,3,0.8451542547285166
1,PET필름(1차재심),392062,중국,스위스,2012.05,-0.8451542547285166,3,0.8451542547285166
2,크라프트지(1차재심),4804,중국,브라질,2012.04,-0.8451542547285166,3,0.8451542547285166
6,스테인레스스틸바(2차재심),7222,일본,필리핀,2013.11,-0.8451542547285166,3,0.8451542547285166
7,합판,4412,중국,우루과이,2013.11,-0.8451542547285166,0,0.8451542547285166
7,합판,4412,중국,인도,2013.11,-0.8451542547285166,3,0.8451542547285166
7,합판,4412,중국,필리핀,2013.11,-0.8451542547285166,0,0.8451542547285166
8,폴리에스테르 장섬유 연신가공사(2차재심),5402,말레이시아,벨라루스,2013.12,-0.8451542547285166,2,0.8451542547285166
9,OPP필름,392020,중국,튀르키예,2013.12,-0.8451542547285166,2,0.8451542547285166
9,OPP필름,392020,태국,스위스,2013.12,-0.8451542547285166,0,0.8451542547285166
10,합판(1차재심),4412,말레이시아,싱가포르,2014.09,-0.8451542547285166,2,0.8451542547285166
10,합판(1차재심),4412,말레이시아,캐나다,2014.09,-0.8451542547285166,1,0.8451542547285166
14,합판(신규공급자조사),4412,중국,인도,2014.02,-0.8451542547285166,1,0.8451542547285166
15,합판(신규공급자조사),4412,중국,인도,2014.02,-0.8451542547285166,1,0.8451542547285166
16,합판(신규공급자조사),4412,중국,인도,2014.02,-0.8451542547285166,1,0.8451542547285166
29,초산에틸(3차재심),291531,일본,영국,2019.07,-0.8451542547285166,3,0.8451542547285166
29,초산에틸(3차재심),291531,중국,남아프리카공화국,2019.07,-0.8451542547285166,3,0.8451542547285166
32,PET필름(3차재심),392062,인도,아랍에미리트 연합,2019.09,-0.8451542547285166,1,0.8451542547285166
36,합판,4412,베트남,라오스,2020.11,-0.8451542547285166,3,0.8451542547285166
37,스테인리스스틸바,7222,인도,아일랜드,2021.01,-0.8451542547285166,3,0.8451542547285166
39,PET필름,392062,대만,룩셈부르그,2021.12,-0.8451542547285166,2,0.8451542547285166
39,PET필름,392062,대만,튀르키예,2021.12,-0.8451542547285166,1,0.8451542547285166
39,PET필름,392062,태국,룩셈부르그,2021.12,-0.8451542547285166,2,0.8451542547285166
39,PET필름,392062,태국,튀르키예,2021.12,-0.8451542547285166,1,0.8451542547285166
48,도공(coated) 인쇄용지,4810,중국,벨기에,2024.03,-0.8451542547285166,0,0.8451542547285166
48,도공(coated) 인쇄용지,4810,중국,스페인,2024.03,-0.8451542547285166,1,0.8451542547285166
48,도공(coated) 인쇄용지,4810,중국,캐나다,2024.03,-0.8451542547285166,2,0.8451542547285166
51,합판,4412,말레이시아,슬로바키아,2024.07,-0.8451542547285166,3,0.8451542547285166
52,합판,4412,베트남,슬로바키아,2024.07,-0.8451542547285166,3,0.8451542547285166
55,스테인리스강 냉간압연제품,7220,베트남,대만,2025.07,-0.8451542547285166,3,0.8451542547285166
2,크라프트지(1차재심),4804,인도네시아,독일,2012.04,-0.8451542547285165,0,0.8451542547285165
43,부틸글리콜에테르,290943,사우디아라비아,일본,2022.09,-0.8451542547285165,1,0.8451542547285165
0,초산에틸(1차재심),291531,일본,미국,2012.03,-0.8406680016960503,1,0.8406680016960503
20,침엽수 합판,441232,중국,독일,2016.03,-0.8406680016960503,3,0.8406680016960503
26,PET필름,392062,대만,홍콩,2018.04,-0.8406680016960503,3,0.8406680016960503
33,스테인리스 스틸바,7222,일본,프랑스,2020.05,-0.8406680016960503,3,0.8406680016960503
53,PET수지,390761,중국,대만,2024.11,-0.8406680016960503,2,0.8406680016960503
46,수산화알루미늄,281830,호주,체코공화국,2023.04,-0.840168050416806,1,0.840168050416806
48,도공(coated) 인쇄용지,4810,일본,네덜란드,2024.03,-0.8332380897952965,0,0.8332380897952965
2,크라프트지(1차재심),4804,미국,뉴질랜드,2012.04,-0.8285714285714287,1,0.8285714285714287
2,크라프트지(1차재심),4804,미국,오스트리아,2012.04,-0.8285714285714287,3,0.8285714285714287
2,크라프트지(1차재심),4804,미국,폴란드,2012.04,-0.8285714285714287,1,0.8285714285714287
2,크라프트지(1차재심),4804,중국,보스니아-헤르체고비나,2012.04,-0.8285714285714287,0,0.8285714285714287
2,크라프트지(1차재심),4804,중국,태국,2012.04,-0.8285714285714287,0,0.8285714285714287
2,크라프트지(1차재심),4804,중국,프랑스,2012.04,-0.8285714285714287,3,0.8285714285714287
2,크라프트지(1차재심),4804,캐나다,러시아 연방,2012.04,-0.8285714285714287,1,0.8285714285714287
2,크라프트지(1차재심),4804,캐나다,핀란드,2012.04,-0.8285714285714287,3,0.8285714285714287
6,스테인레스스틸바(2차재심),7222,인도,오스트리아,2013.11,-0.8285714285714287,3,0.8285714285714287
6,스테인레스스틸바(2차재심),7222,일본,이탈리아,2013.11,-0.8285714285714287,1,0.8285714285714287
7,합판,4412,중국,오스트리아,2013.11,-0.8285714285714287,3,0.8285714285714287
8,폴리에스테르 장섬유 연신가공사(2차재심),5402,대만,스페인,2013.12,-0.8285714285714287,3,0.8285714285714287
8,폴리에스테르 장섬유 연신가공사(2차재심),5402,중국,스위스,2013.12,-0.8285714285714287,0,0.8285714285714287
8,폴리에스테르 장섬유 연신가공사(2차재심),5402,중국,캐나다,2013.12,-0.8285714285714287,3,0.8285714285714287
9,OPP필름,392020,인도네시아,일본,2013.12,-0.8285714285714287,2,0.8285714285714287
9,OPP필름,392020,태국,프랑스,2013.12,-0.8285714285714287,1,0.8285714285714287
14,합판(신규공급자조사),4412,중국,인도네시아,2014.02,-0.8285714285714287,2,0.8285714285714287
15,합판(신규공급자조사),4412,중국,인도네시아,2014.02,-0.8285714285714287,2,0.8285714285714287
16,합판(신규공급자조사),4412,중국,인도네시아,2014.02,-0.8285714285714287,2,0.8285714285714287
17,초산에틸(2차재심),291531,일본,미국,2015.11,-0.8285714285714287,2,0.8285714285714287
22,합판(2차재심),4412,말레이시아,일본,2017.05,-0.8285714285714287,1,0.8285714285714287
26,PET필름,392062,태국,일본,2018.04,-0.8285714285714287,0,0.8285714285714287
32,PET필름(3차재심),392062,중국,일본,2019.09,-0.8285714285714287,1,0.8285714285714287
33,스테인리스 스틸바,7222,일본,대만,2020.05,-0.8285714285714287,3,0.8285714285714287
34,합판,4412,말레이시아,라트비아,2020.11,-0.8285714285714287,3,0.8285714285714287
36,합판,4412,베트남,중국,2020.11,-0.8285714285714287,2,0.8285714285714287
37,스테인리스스틸바,7222,일본,우크라이나,2021.01,-0.8285714285714287,2,0.8285714285714287
40,플로트판유리,7005,중국,인도네시아,2022.04,-0.8285714285714287,3,0.8285714285714287
41,"인쇄제판용 평면모양 사진 플레이트(옵셋 인쇄판, 더블레이어 제품)",370130,중국,홍콩,2022.11,-0.8285714285714287,2,0.8285714285714287
44,이음매없는동관,7411,중국,미국,2023.03,-0.8285714285714287,1,0.8285714285714287
48,도공(coated) 인쇄용지,4810,핀란드,대만,2024.03,-0.8285714285714287,2,0.8285714285714287
53,PET수지,390761,중국,이스라엘,2024.11,-0.8285714285714287,3,0.8285714285714287
54,OPP필름,392020,중국,독일,2025.04,-0.8285714285714287,1,0.8285714285714287
54,OPP필름,392020,중국,말레이시아,2025.04,-0.8285714285714287,1,0.8285714285714287
54,OPP필름,392020,태국,인도,2025.04,-0.8285714285714287,1,0.8285714285714287
56,석유수지,391110,대만,네덜란드,2025.08,-0.8285714285714287,2,0.8285714285714287
0,초산에틸(1차재심),291531,일본,이탈리아,2012.03,-0.8280786712108252,3,0.8280786712108252
47,페로실리코망간,720230,베트남,노르웨이,2023.07,-0.8280786712108252,1,0.8280786712108252
55,스테인리스강 냉간압연제품,7220,베트남,루마니아,2025.07,-0.8280786712108252,3,0.8280786712108252
56,석유수지,391110,대만,베트남,2025.08,-0.8280786712108252,3,0.8280786712108252
56,석유수지,391110,중국,베트남,2025.08,-0.8280786712108252,3,0.8280786712108252
9,OPP필름,392020,중국,오스트리아,2013.12,-0.8196885999705371,0,0.8196885999705371
54,OPP필름,392020,태국,불가리아,2025.04,-0.8196885999705371,2,0.8196885999705371
54,OPP필름,392020,태국,튀르키예,2025.04,-0.8196885999705371,2,0.8196885999705371
2,크라프트지(1차재심),4804,미국,보스니아-헤르체고비나,2012.04,-0.8116794499134279,1,0.8116794499134279
9,OPP필름,392020,중국,이탈리아,2013.12,-0.8116794499134279,3,0.8116794499134279
13,공기압 전송용 밸브,848120,일본,싱가포르,2015.08,-0.8116794499134279,3,0.8116794499134279
14,합판(신규공급자조사),4412,중국,오스트리아,2014.02,-0.8116794499134279,2,0.8116794499134279
15,합판(신규공급자조사),4412,중국,오스트리아,2014.02,-0.8116794499134279,2,0.8116794499134279
16,합판(신규공급자조사),4412,중국,오스트리아,2014.02,-0.8116794499134279,2,0.8116794499134279
32,PET필름(3차재심),392062,중국,이탈리아,2019.09,-0.8116794499134279,1,0.8116794499134279
35,합판,4412,중국,필리핀,2020.11,-0.8116794499134279,2,0.8116794499134279
50,합판,4412,중국,이탈리아,2024.07,-0.8116794499134279,1,0.8116794499134279
59,탄소강과 그밖의 합금강 열간압연 후판제품,7208,중국,아르헨티나,2025.11,-0.8116794499134279,0,0.8116794499134279
6,스테인레스스틸바(2차재심),7222,스페인,네덜란드,2013.11,-0.8116794499134278,0,0.8116794499134278
6,스테인레스스틸바(2차재심),7222,스페인,베트남,2013.11,-0.8116794499134278,1,0.8116794499134278
6,스테인레스스틸바(2차재심),7222,스페인,노르웨이,2013.11,-0.7826908981308054,3,0.7826908981308054
8,폴리에스테르 장섬유 연신가공사(2차재심),5402,말레이시아,홍콩,2013.12,-0.7826908981308054,2,0.7826908981308054
0,초산에틸(1차재심),291531,중국,스페인,2012.03,-0.7775419143502353,0,0.7775419143502353
2,크라프트지(1차재심),4804,중국,스페인,2012.04,-0.7775419143502353,2,0.7775419143502353
2,크라프트지(1차재심),4804,캐나다,홍콩,2012.04,-0.7775419143502353,0,0.7775419143502353
8,폴리에스테르 장섬유 연신가공사(2차재심),5402,대만,벨라루스,2013.12,-0.7775419143502353,1,0.7775419143502353
9,OPP필름,392020,인도네시아,호주,2013.12,-0.7775419143502353,2,0.7775419143502353
10,합판(1차재심),4412,말레이시아,슬로베니아,2014.09,-0.7775419143502353,1,0.7775419143502353
13,공기압 전송용 밸브,848120,일본,말레이시아,2015.08,-0.7775419143502353,1,0.7775419143502353
14,합판(신규공급자조사),4412,중국,포루투갈,2014.02,-0.7775419143502353,2,0.7775419143502353
15,합판(신규공급자조사),4412,중국,포루투갈,2014.02,-0.7775419143502353,2,0.7775419143502353
16,합판(신규공급자조사),4412,중국,포루투갈,2014.02,-0.7775419143502353,2,0.7775419143502353
19,PET필름(2차재심),392062,중국,이스라엘,2016.01,-0.7775419143502353,0,0.7775419143502353
19,PET필름(2차재심),392062,중국,필리핀,2016.01,-0.7775419143502353,3,0.7775419143502353
24,옵셋인쇄판,370130,중국,스페인,2017.09,-0.7775419143502353,3,0.7775419143502353
26,PET필름,392062,태국,스페인,2018.04,-0.7775419143502353,3,0.7775419143502353
28,플로트판유리(3차재심),7005,중국,인도,2018.08,-0.7775419143502353,2,0.7775419143502353
29,초산에틸(3차재심),291531,중국,스페인,2019.07,-0.7775419143502353,2,0.7775419143502353
32,PET필름(3차재심),392062,인도,폴란드,2019.09,-0.7775419143502353,1,0.7775419143502353
37,스테인리스스틸바,7222,일본,노르웨이,2021.01,-0.7775419143502353,2,0.7775419143502353
37,스테인리스스틸바,7222,일본,덴마크,2021.01,-0.7775419143502353,1,0.7775419143502353
44,이음매없는동관,7411,중국,폴란드,2023.03,-0.7775419143502353,1,0.7775419143502353
50,합판,4412,중국,스웨덴,2024.07,-0.7775419143502353,1,0.7775419143502353
51,합판,4412,말레이시아,독일,2024.07,-0.7775419143502353,2,0.7775419143502353
52,합판,4412,베트남,독일,2024.07,-0.7775419143502353,2,0.7775419143502353
53,PET수지,390761,중국,스웨덴,2024.11,-0.7775419143502353,2,0.7775419143502353
56,석유수지,391110,대만,독일,2025.08,-0.7775419143502353,3,0.7775419143502353
56,석유수지,391110,중국,독일,2025.08,-0.7775419143502353,3,0.7775419143502353
59,탄소강과 그밖의 합금강 열간압연 후판제품,7208,중국,이탈리아,2025.11,-0.7775419143502353,0,0.7775419143502353
59,탄소강과 그밖의 합금강 열간압연 후판제품,7208,중국,폴란드,2025.11,-0.7775419143502353,0,0.7775419143502353
0,초산에틸(1차재심),291531,중국,영국,2012.03,-0.7715167498104596,1,0.7715167498104596
0,초산에틸(1차재심),291531,일본,인도,2012.03,-0.7714285714285715,0,0.7714285714285715
1,PET필름(1차재심),392062,인도,미국,2012.05,-0.7714285714285715,3,0.7714285714285715
1,PET필름(1차재심),392062,중국,대만,2012.05,-0.7714285714285715,3,0.7714285714285715
2,크라프트지(1차재심),4804,중국,일본,2012.04,-0.7714285714285715,3,0.7714285714285715
2,크라프트지(1차재심),4804,중국,폴란드,2012.04,-0.7714285714285715,2,0.7714285714285715
4,알루미늄 보틀캔,761290,일본,프랑스,2013.01,-0.7714285714285715,3,0.7714285714285715
6,스테인레스스틸바(2차재심),7222,일본,싱가포르,2013.11,-0.7714285714285715,0,0.7714285714285715
8,폴리에스테르 장섬유 연신가공사(2차재심),5402,말레이시아,독일,2013.12,-0.7714285714285715,1,0.7714285714285715
8,폴리에스테르 장섬유 연신가공사(2차재심),5402,말레이시아,베트남,2013.12,-0.7714285714285715,2,0.7714285714285715
8,폴리에스테르 장섬유 연신가공사(2차재심),5402,말레이시아,스위스,2013.12,-0.7714285714285715,1,0.7714285714285715
8,폴리에스테르 장섬유 연신가공사(2차재심),5402,말레이시아,싱가포르,2013.12,-0.7714285714285715,3,0.7714285714285715
8,폴리에스테르 장섬유 연신가공사(2차재심),5402,중국,독일,2013.12,-0.7714285714285715,0,0.7714285714285715
9,OPP필름,392020,인도네시아,영국,2013.12,-0.7714285714285715,0,0.7714285714285715
10,합판(1차재심),4412,말레이시아,태국,2014.09,-0.7714285714285715,2,0.7714285714285715
11,두꺼운 PET필름,392062,일본,독일,2014.12,-0.7714285714285715,1,0.7714285714285715
11,두꺼운 PET필름,392062,일본,영국,2014.12,-0.7714285714285715,1,0.7714285714285715
13,공기압 전송용 밸브,848120,일본,네덜란드,2015.08,-0.7714285714285715,1,0.7714285714285715
13,공기압 전송용 밸브,848120,일본,슬로바키아,2015.08,-0.7714285714285715,3,0.7714285714285715
13,공기압 전송용 밸브,848120,일본,튀르키예,2015.08,-0.7714285714285715,3,0.7714285714285715
14,합판(신규공급자조사),4412,중국,대만,2014.02,-0.7714285714285715,2,0.7714285714285715
15,합판(신규공급자조사),4412,중국,대만,2014.02,-0.7714285714285715,2,0.7714285714285715
16,합판(신규공급자조사),4412,중국,대만,2014.02,-0.7714285714285715,2,0.7714285714285715
31,OPP필름(1차재심),392020,인도네시아,베트남,2019.08,-0.7714285714285715,2,0.7714285714285715
31,OPP필름(1차재심),392020,인도네시아,오스트리아,2019.08,-0.7714285714285715,2,0.7714285714285715
31,OPP필름(1차재심),392020,중국,스페인,2019.08,-0.7714285714285715,3,0.7714285714285715
31,OPP필름(1차재심),392020,중국,오스트리아,2019.08,-0.7714285714285715,2,0.7714285714285715
33,스테인리스 스틸바,7222,일본,오스트리아,2020.05,-0.7714285714285715,2,0.7714285714285715
35,합판,4412,중국,독일,2020.11,-0.7714285714285715,1,0.7714285714285715
35,합판,4412,중국,말레이시아,2020.11,-0.7714285714285715,1,0.7714285714285715
35,합판,4412,중국,이탈리아,2020.11,-0.7714285714285715,2,0.7714285714285715
37,스테인리스스틸바,7222,스페인,네덜란드,2021.01,-0.7714285714285715,3,0.7714285714285715
37,스테인리스스틸바,7222,인도,오스트리아,2021.01,-0.7714285714285715,3,0.7714285714285715
37,스테인리스스틸바,7222,인도,프랑스,2021.01,-0.7714285714285715,2,0.7714285714285715
37,스테인리스스틸바,7222,일본,스웨덴,2021.01,-0.7714285714285715,3,0.7714285714285715
38,인쇄제판용 평면모양 사진 플레이트(옵셋 인쇄판),370130,중국,벨기에,2021.05,-0.7714285714285715,1,0.7714285714285715
39,PET필름,392062,대만,아랍에미리트 연합,2021.12,-0.7714285714285715,3,0.7714285714285715
39,PET필름,392062,대만,인도,2021.12,-0.7714285714285715,0,0.7714285714285715
39,PET필름,392062,대만,일본,2021.12,-0.7714285714285715,3,0.7714285714285715
39,PET필름,392062,태국,아랍에미리트 연합,2021.12,-0.7714285714285715,3,0.7714285714285715
39,PET필름,392062,태국,인도,2021.12,-0.7714285714285715,0,0.7714285714285715
39,PET필름,392062,태국,일본,2021.12,-0.7714285714285715,3,0.7714285714285715
41,"인쇄제판용 평면모양 사진 플레이트(옵셋 인쇄판, 더블레이어 제품)",370130,중국,말레이시아,2022.11,-0.7714285714285715,3,0.7714285714285715
42,부틸글리콜에테르,290943,미국,일본,2022.07,-0.7714285714285715,1,0.7714285714285715
44,이음매없는동관,7411,베트남,독일,2023.03,-0.7714285714285715,3,0.7714285714285715
44,이음매없는동관,7411,베트남,미국,2023.03,-0.7714285714285715,1,0.7714285714285715
48,도공(coated) 인쇄용지,4810,중국,이탈리아,2024.03,-0.7714285714285715,2,0.7714285714285715
48,도공(coated) 인쇄용지,4810,핀란드,필리핀,2024.03,-0.7714285714285715,1,0.7714285714285715
51,합판,4412,말레이시아,베트남,2024.07,-0.7714285714285715,2,0.7714285714285715
51,합판,4412,말레이시아,에스토니아,2024.07,-0.7714285714285715,3,0.7714285714285715
52,합판,4412,베트남,중국,2024.07,-0.7714285714285715,2,0.7714285714285715
54,OPP필름,392020,중국,네덜란드,2025.04,-0.7714285714285715,2,0.7714285714285715
54,OPP필름,392020,태국,미국,2025.04,-0.7714285714285715,3,0.7714285714285715
54,OPP필름,392020,태국,베트남,2025.04,-0.7714285714285715,3,0.7714285714285715
54,OPP필름,392020,태국,인도네시아,2025.04,-0.7714285714285715,1,0.7714285714285715
2,크라프트지(1차재심),4804,중국,남아프리카공화국,2012.04,-0.7589709258986453,3,0.7589709258986453
10,합판(1차재심),4412,말레이시아,벨기에,2014.09,-0.7589709258986453,2,0.7589709258986453
26,PET필름,392062,대만,이스라엘,2018.04,-0.7589709258986453,0,0.7589709258986453
29,초산에틸(3차재심),291531,중국,프랑스,2019.07,-0.7589709258986453,3,0.7589709258986453
32,PET필름(3차재심),392062,인도,싱가포르,2019.09,-0.7589709258986453,3,0.7589709258986453
32,PET필름(3차재심),392062,중국,홍콩,2019.09,-0.7589709258986453,2,0.7589709258986453
34,합판,4412,말레이시아,슬로바키아,2020.11,-0.7589709258986453,2,0.7589709258986453
36,합판,4412,베트남,노르웨이,2020.11,-0.7589709258986453,2,0.7589709258986453
48,도공(coated) 인쇄용지,4810,일본,스페인,2024.03,-0.7589709258986453,0,0.7589709258986453
56,석유수지,391110,중국,프랑스,2025.08,-0.7589709258986453,2,0.7589709258986453
1,PET필름(1차재심),392062,인도,말레이시아,2012.05,-0.753702346348183,3,0.753702346348183
2,크라프트지(1차재심),4804,캐나다,체코공화국,2012.04,-0.753702346348183,1,0.753702346348183
17,초산에틸(2차재심),291531,일본,남아프리카공화국,2015.11,-0.753702346348183,1,0.753702346348183
19,PET필름(2차재심),392062,인도,싱가포르,2016.01,-0.753702346348183,2,0.753702346348183
26,PET필름,392062,대만,프랑스,2018.04,-0.753702346348183,3,0.753702346348183
29,초산에틸(3차재심),291531,일본,미국,2019.07,-0.753702346348183,3,0.753702346348183
46,수산화알루미늄,281830,호주,독일,2023.04,-0.753702346348183,1,0.753702346348183
54,OPP필름,392020,중국,프랑스,2025.04,-0.753702346348183,0,0.753702346348183
3,폴리에스터 장섬유 부분연신사(1차재심),540246,대만,인도,2012.07,-0.750366479376867,1,0.750366479376867
19,PET필름(2차재심),392062,인도,벨기에,2016.01,-0.7356123579206245,1,0.7356123579206245
6,스테인레스스틸바(2차재심),7222,스페인,미국,2013.11,-0.7247137945655605,0,0.7247137945655605
6,스테인레스스틸바(2차재심),7222,스페인,싱가포르,2013.11,-0.7247137945655605,1,0.7247137945655605
9,OPP필름,392020,태국,이탈리아,2013.12,-0.7247137945655605,0,0.7247137945655605
37,스테인리스스틸바,7222,인도,네덜란드,2021.01,-0.7247137945655605,1,0.7247137945655605
54,OPP필름,392020,중국,영국,2025.04,-0.7247137945655605,2,0.7247137945655605
2,크라프트지(1차재심),4804,미국,태국,2012.04,-0.7142857142857143,0,0.7142857142857143
2,크라프트지(1차재심),4804,중국,호주,2012.04,-0.7142857142857143,0,0.7142857142857143
2,크라프트지(1차재심),4804,캐나다,뉴질랜드,2012.04,-0.7142857142857143,3,0.7142857142857143
8,폴리에스테르 장섬유 연신가공사(2차재심),5402,대만,캐나다,2013.12,-0.7142857142857143,3,0.7142857142857143
8,폴리에스테르 장섬유 연신가공사(2차재심),5402,말레이시아,캐나다,2013.12,-0.7142857142857143,3,0.7142857142857143
9,OPP필름,392020,인도네시아,프랑스,2013.12,-0.7142857142857143,1,0.7142857142857143
9,OPP필름,392020,중국,영국,2013.12,-0.7142857142857143,0,0.7142857142857143
9,OPP필름,392020,중국,인도,2013.12,-0.7142857142857143,2,0.7142857142857143
10,합판(1차재심),4412,말레이시아,인도네시아,2014.09,-0.7142857142857143,1,0.7142857142857143
11,두꺼운 PET필름,392062,일본,아랍에미리트 연합,2014.12,-0.7142857142857143,2,0.7142857142857143
13,공기압 전송용 밸브,848120,일본,노르웨이,2015.08,-0.7142857142857143,3,0.7142857142857143
13,공기압 전송용 밸브,848120,일본,독일,2015.08,-0.7142857142857143,1,0.7142857142857143
13,공기압 전송용 밸브,848120,일본,벨기에,2015.08,-0.7142857142857143,1,0.7142857142857143
13,공기압 전송용 밸브,848120,일본,스웨덴,2015.08,-0.7142857142857143,1,0.7142857142857143
19,PET필름(2차재심),392062,인도,튀르키예,2016.01,-0.7142857142857143,2,0.7142857142857143
20,침엽수 합판,441232,중국,라트비아,2016.03,-0.7142857142857143,1,0.7142857142857143
22,합판(2차재심),4412,말레이시아,스웨덴,2017.05,-0.7142857142857143,1,0.7142857142857143
23,합판(1차재심),4412,중국,미국,2017.05,-0.7142857142857143,1,0.7142857142857143
23,합판(1차재심),4412,중국,베트남,2017.05,-0.7142857142857143,1,0.7142857142857143
26,PET필름,392062,태국,미국,2018.04,-0.7142857142857143,0,0.7142857142857143
26,PET필름,392062,태국,베트남,2018.04,-0.7142857142857143,3,0.7142857142857143
29,초산에틸(3차재심),291531,일본,독일,2019.07,-0.7142857142857143,2,0.7142857142857143
31,OPP필름(1차재심),392020,인도네시아,일본,2019.08,-0.7142857142857143,2,0.7142857142857143
31,OPP필름(1차재심),392020,태국,영국,2019.08,-0.7142857142857143,2,0.7142857142857143
32,PET필름(3차재심),392062,인도,말레이시아,2019.09,-0.7142857142857143,2,0.7142857142857143
32,PET필름(3차재심),392062,중국,대만,2019.09,-0.7142857142857143,1,0.7142857142857143
32,PET필름(3차재심),392062,중국,바레인,2019.09,-0.7142857142857143,2,0.7142857142857143
33,스테인리스 스틸바,7222,일본,독일,2020.05,-0.7142857142857143,3,0.7142857142857143
33,스테인리스 스틸바,7222,일본,이탈리아,2020.05,-0.7142857142857143,3,0.7142857142857143
34,합판,4412,말레이시아,에스토니아,2020.11,-0.7142857142857143,2,0.7142857142857143
35,합판,4412,중국,러시아 연방,2020.11,-0.7142857142857143,1,0.7142857142857143
35,합판,4412,중국,루마니아,2020.11,-0.7142857142857143,0,0.7142857142857143
35,합판,4412,중국,베트남,2020.11,-0.7142857142857143,3,0.7142857142857143
35,합판,4412,중국,벨기에,2020.11,-0.7142857142857143,2,0.7142857142857143
35,합판,4412,중국,헝가리,2020.11,-0.7142857142857143,1,0.7142857142857143
36,합판,4412,베트남,독일,2020.11,-0.7142857142857143,0,0.7142857142857143
37,스테인리스스틸바,7222,스페인,독일,2021.01,-0.7142857142857143,3,0.7142857142857143
37,스테인리스스틸바,7222,스페인,베트남,2021.01,-0.7142857142857143,1,0.7142857142857143
37,스테인리스스틸바,7222,스페인,오스트리아,2021.01,-0.7142857142857143,3,0.7142857142857143
37,스테인리스스틸바,7222,인도,중국,2021.01,-0.7142857142857143,0,0.7142857142857143
37,스테인리스스틸바,7222,일본,오스트리아,2021.01,-0.7142857142857143,0,0.7142857142857143
45,폴리아미드필름,392092,중국,일본,2023.02,-0.7142857142857143,2,0.7142857142857143
46,수산화알루미늄,281830,중국,인도,2023.04,-0.7142857142857143,3,0.7142857142857143
47,페로실리코망간,720230,베트남,말레이시아,2023.07,-0.7142857142857143,1,0.7142857142857143
48,도공(coated) 인쇄용지,4810,일본,영국,2024.03,-0.7142857142857143,1,0.7142857142857143
48,도공(coated) 인쇄용지,4810,일본,필리핀,2024.03,-0.7142857142857143,0,0.7142857142857143
48,도공(coated) 인쇄용지,4810,중국,뉴질랜드,2024.03,-0.7142857142857143,1,0.7142857142857143
48,도공(coated) 인쇄용지,4810,중국,말레이시아,2024.03,-0.7142857142857143,1,0.7142857142857143
50,합판,4412,중국,러시아 연방,2024.07,-0.7142857142857143,3,0.7142857142857143
54,OPP필름,392020,태국,영국,2025.04,-0.7142857142857143,1,0.7142857142857143
44,이음매없는동관,7411,중국,프랑스,2023.03,-0.7061878636037996,2,0.7061878636037996
1,PET필름(1차재심),392062,중국,이탈리아,2012.05,-0.6982532518267538,1,0.6982532518267538
3,폴리에스터 장섬유 부분연신사(1차재심),540246,중국,인도,2012.07,-0.6982532518267538,1,0.6982532518267538
6,스테인레스스틸바(2차재심),7222,일본,스위스,2013.11,-0.6982532518267538,2,0.6982532518267538
7,합판,4412,중국,스웨덴,2013.11,-0.6982532518267538,0,0.6982532518267538
9,OPP필름,392020,인도네시아,슬로베니아,2013.12,-0.6982532518267538,0,0.6982532518267538
14,합판(신규공급자조사),4412,중국,노르웨이,2014.02,-0.6982532518267538,3,0.6982532518267538
15,합판(신규공급자조사),4412,중국,노르웨이,2014.02,-0.6982532518267538,3,0.6982532518267538
16,합판(신규공급자조사),4412,중국,노르웨이,2014.02,-0.6982532518267538,3,0.6982532518267538
37,스테인리스스틸바,7222,일본,아일랜드,2021.01,-0.6982532518267538,0,0.6982532518267538
44,이음매없는동관,7411,중국,슬로베니아,2023.03,-0.6982532518267538,1,0.6982532518267538
48,도공(coated) 인쇄용지,4810,일본,덴마크,2024.03,-0.6982532518267538,3,0.6982532518267538
54,OPP필름,392020,태국,프랑스,2025.04,-0.6982532518267538,3,0.6982532518267538
10,합판(1차재심),4412,말레이시아,인도,2014.09,-0.6957252427829382,2,0.6957252427829382
48,도공(coated) 인쇄용지,4810,핀란드,이스라엘,2024.03,-0.6957252427829382,2,0.6957252427829382
48,도공(coated) 인쇄용지,4810,핀란드,프랑스,2024.03,-0.6957252427829382,2,0.6957252427829382
51,합판,4412,말레이시아,벨기에,2024.07,-0.6957252427829382,3,0.6957252427829382
6,스테인레스스틸바(2차재심),7222,스페인,포루투갈,2013.11,-0.6957252427829381,1,0.6957252427829381
5,염화콜린(2차재심),292310,인도,스페인,2013.08,-0.6878359394287946,1,0.6878359394287946
20,침엽수 합판,441232,중국,영국,2016.03,-0.6831300510639732,2,0.6831300510639732
25,페로실리코망간,720230,베트남,노르웨이,2017.11,-0.6789347398332045,3,0.6789347398332045
0,초산에틸(1차재심),291531,일본,스웨덴,2012.03,-0.6761234037828133,0,0.6761234037828133
2,크라프트지(1차재심),4804,미국,홍콩,2012.04,-0.6761234037828133,0,0.6761234037828133
9,OPP필름,392020,인도네시아,네덜란드,2013.12,-0.6761234037828133,2,0.6761234037828133
9,OPP필름,392020,인도네시아,스페인,2013.12,-0.6761234037828133,0,0.6761234037828133
9,OPP필름,392020,태국,호주,2013.12,-0.6761234037828133,2,0.6761234037828133
12,플로트판유리(2차재심),7005,중국,스페인,2015.01,-0.6761234037828133,1,0.6761234037828133
19,PET필름(2차재심),392062,인도,이스라엘,2016.01,-0.6761234037828133,0,0.6761234037828133
19,PET필름(2차재심),392062,인도,필리핀,2016.01,-0.6761234037828133,3,0.6761234037828133
26,PET필름,392062,대만,네덜란드,2018.04,-0.6761234037828133,3,0.6761234037828133
26,PET필름,392062,태국,스위스,2018.04,-0.6761234037828133,3,0.6761234037828133
26,PET필름,392062,태국,이집트,2018.04,-0.6761234037828133,1,0.6761234037828133
26,PET필름,392062,태국,튀르키예,2018.04,-0.6761234037828133,1,0.6761234037828133
26,PET필름,392062,태국,필리핀,2018.04,-0.6761234037828133,2,0.6761234037828133
29,초산에틸(3차재심),291531,중국,사우디아라비아,2019.07,-0.6761234037828133,1,0.6761234037828133
33,스테인리스 스틸바,7222,일본,싱가포르,2020.05,-0.6761234037828133,1,0.6761234037828133
37,스테인리스스틸바,7222,일본,남아프리카공화국,2021.01,-0.6761234037828133,0,0.6761234037828133
37,스테인리스스틸바,7222,일본,슬로바키아,2021.01,-0.6761234037828133,2,0.6761234037828133
38,인쇄제판용 평면모양 사진 플레이트(옵셋 인쇄판),370130,중국,브라질,2021.05,-0.6761234037828133,1,0.6761234037828133
39,PET필름,392062,대만,네덜란드,2021.12,-0.6761234037828133,1,0.6761234037828133
39,PET필름,392062,태국,네덜란드,2021.12,-0.6761234037828133,1,0.6761234037828133
47,페로실리코망간,720230,베트남,중국,2023.07,-0.6761234037828133,3,0.6761234037828133
47,페로실리코망간,720230,인도,중국,2023.07,-0.6761234037828133,3,0.6761234037828133
48,도공(coated) 인쇄용지,4810,일본,멕시코,2024.03,-0.6761234037828133,2,0.6761234037828133
52,합판,4412,베트남,프랑스,2024.07,-0.6761234037828133,2,0.6761234037828133
54,OPP필름,392020,중국,대만,2025.04,-0.6761234037828133,3,0.6761234037828133
54,OPP필름,392020,중국,핀란드,2025.04,-0.6761234037828133,0,0.6761234037828133
59,탄소강과 그밖의 합금강 열간압연 후판제품,7208,중국,핀란드,2025.11,-0.6761234037828133,0,0.6761234037828133
4,알루미늄 보틀캔,761290,일본,스웨덴,2013.01,-0.6667366910003157,0,0.6667366910003157
11,두꺼운 PET필름,392062,일본,싱가포르,2014.12,-0.6667366910003157,0,0.6667366910003157
13,공기압 전송용 밸브,848120,일본,홍콩,2015.08,-0.6667366910003157,1,0.6667366910003157
26,PET필름,392062,대만,이탈리아,2018.04,-0.6667366910003157,2,0.6667366910003157
48,도공(coated) 인쇄용지,4810,중국,이스라엘,2024.03,-0.6667366910003157,0,0.6667366910003157
53,PET수지,390761,중국,영국,2024.11,-0.6667366910003157,2,0.6667366910003157
21,부틸글리콜에테르,290943,미국,벨기에,2016.12,-0.6642111641550715,1,0.6642111641550715
21,부틸글리콜에테르,290943,미국,이탈리아,2016.12,-0.6642111641550715,2,0.6642111641550715
1,PET필름(1차재심),392062,중국,태국,2012.05,-0.6571428571428573,1,0.6571428571428573
2,크라프트지(1차재심),4804,미국,러시아 연방,2012.04,-0.6571428571428573,1,0.6571428571428573
2,크라프트지(1차재심),4804,중국,뉴질랜드,2012.04,-0.6571428571428573,2,0.6571428571428573
2,크라프트지(1차재심),4804,캐나다,스웨덴,2012.04,-0.6571428571428573,3,0.6571428571428573
2,크라프트지(1차재심),4804,캐나다,태국,2012.04,-0.6571428571428573,1,0.6571428571428573
2,크라프트지(1차재심),4804,캐나다,프랑스,2012.04,-0.6571428571428573,1,0.6571428571428573
7,합판,4412,중국,말레이시아,2013.11,-0.6571428571428573,2,0.6571428571428573
10,합판(1차재심),4412,말레이시아,미국,2014.09,-0.6571428571428573,2,0.6571428571428573
12,플로트판유리(2차재심),7005,중국,아랍에미리트 연합,2015.01,-0.6571428571428573,1,0.6571428571428573
13,공기압 전송용 밸브,848120,일본,헝가리,2015.08,-0.6571428571428573,1,0.6571428571428573
14,합판(신규공급자조사),4412,중국,독일,2014.02,-0.6571428571428573,1,0.6571428571428573
15,합판(신규공급자조사),4412,중국,독일,2014.02,-0.6571428571428573,1,0.6571428571428573
16,합판(신규공급자조사),4412,중국,독일,2014.02,-0.6571428571428573,1,0.6571428571428573
17,초산에틸(2차재심),291531,중국,스웨덴,2015.11,-0.6571428571428573,3,0.6571428571428573
19,PET필름(2차재심),392062,인도,인도네시아,2016.01,-0.6571428571428573,3,0.6571428571428573
19,PET필름(2차재심),392062,중국,싱가포르,2016.01,-0.6571428571428573,0,0.6571428571428573
28,플로트판유리(3차재심),7005,중국,말레이시아,2018.08,-0.6571428571428573,2,0.6571428571428573
28,플로트판유리(3차재심),7005,중국,태국,2018.08,-0.6571428571428573,3,0.6571428571428573
29,초산에틸(3차재심),291531,중국,미국,2019.07,-0.6571428571428573,2,0.6571428571428573
31,OPP필름(1차재심),392020,인도네시아,대만,2019.08,-0.6571428571428573,2,0.6571428571428573
31,OPP필름(1차재심),392020,태국,오스트리아,2019.08,-0.6571428571428573,3,0.6571428571428573
32,PET필름(3차재심),392062,인도,영국,2019.09,-0.6571428571428573,2,0.6571428571428573
34,합판,4412,말레이시아,대만,2020.11,-0.6571428571428573,1,0.6571428571428573
34,합판,4412,말레이시아,루마니아,2020.11,-0.6571428571428573,1,0.6571428571428573
35,합판,4412,중국,인도네시아,2020.11,-0.6571428571428573,1,0.6571428571428573
36,합판,4412,베트남,스페인,2020.11,-0.6571428571428573,3,0.6571428571428573
37,스테인리스스틸바,7222,스페인,스위스,2021.01,-0.6571428571428573,1,0.6571428571428573
37,스테인리스스틸바,7222,인도,영국,2021.01,-0.6571428571428573,3,0.6571428571428573
38,인쇄제판용 평면모양 사진 플레이트(옵셋 인쇄판),370130,중국,대만,2021.05,-0.6571428571428573,1,0.6571428571428573
40,플로트판유리,7005,중국,일본,2022.04,-0.6571428571428573,3,0.6571428571428573
40,플로트판유리,7005,중국,프랑스,2022.04,-0.6571428571428573,2,0.6571428571428573
42,부틸글리콜에테르,290943,미국,독일,2022.07,-0.6571428571428573,3,0.6571428571428573
44,이음매없는동관,7411,베트남,일본,2023.03,-0.6571428571428573,3,0.6571428571428573
44,이음매없는동관,7411,중국,튀니지,2023.03,-0.6571428571428573,2,0.6571428571428573
47,페로실리코망간,720230,인도,말레이시아,2023.07,-0.6571428571428573,1,0.6571428571428573
48,도공(coated) 인쇄용지,4810,중국,오스트리아,2024.03,-0.6571428571428573,1,0.6571428571428573
51,합판,4412,말레이시아,러시아 연방,2024.07,-0.6571428571428573,3,0.6571428571428573
54,OPP필름,392020,중국,불가리아,2025.04,-0.6571428571428573,0,0.6571428571428573
54,OPP필름,392020,태국,말레이시아,2025.04,-0.6571428571428573,3,0.6571428571428573
55,스테인리스강 냉간압연제품,7220,베트남,이탈리아,2025.07,-0.6571428571428573,3,0.6571428571428573
0,초산에틸(1차재심),291531,중국,이탈리아,2012.03,-0.6546536707079772,2,0.6546536707079772
1,PET필름(1차재심),392062,인도,베트남,2012.05,-0.6546536707079772,3,0.6546536707079772
1,PET필름(1차재심),392062,인도,필리핀,2012.05,-0.6546536707079772,2,0.6546536707079772
1,PET필름(1차재심),392062,중국,베트남,2012.05,-0.6546536707079772,3,0.6546536707079772
1,PET필름(1차재심),392062,중국,필리핀,2012.05,-0.6546536707079772,2,0.6546536707079772
2,크라프트지(1차재심),4804,미국,덴마크,2012.04,-0.6546536707079772,0,0.6546536707079772
2,크라프트지(1차재심),4804,미국,말레이시아,2012.04,-0.6546536707079772,3,0.6546536707079772
2,크라프트지(1차재심),4804,미국,베트남,2012.04,-0.6546536707079772,2,0.6546536707079772
2,크라프트지(1차재심),4804,미국,벨기에,2012.04,-0.6546536707079772,0,0.6546536707079772
2,크라프트지(1차재심),4804,미국,브라질,2012.04,-0.6546536707079772,2,0.6546536707079772
2,크라프트지(1차재심),4804,미국,스페인,2012.04,-0.6546536707079772,1,0.6546536707079772
2,크라프트지(1차재심),4804,미국,우크라이나,2012.04,-0.6546536707079772,3,0.6546536707079772
2,크라프트지(1차재심),4804,중국,벨기에,2012.04,-0.6546536707079772,3,0.6546536707079772
2,크라프트지(1차재심),4804,중국,스위스,2012.04,-0.6546536707079772,0,0.6546536707079772
2,크라프트지(1차재심),4804,중국,싱가포르,2012.04,-0.6546536707079772,0,0.6546536707079772
2,크라프트지(1차재심),4804,중국,튀르키예,2012.04,-0.6546536707079772,2,0.6546536707079772
2,크라프트지(1차재심),4804,캐나다,스위스,2012.04,-0.6546536707079772,1,0.6546536707079772
2,크라프트지(1차재심),4804,캐나다,싱가포르,2012.04,-0.6546536707079772,1,0.6546536707079772
2,크라프트지(1차재심),4804,캐나다,우크라이나,2012.04,-0.6546536707079772,0,0.6546536707079772
2,크라프트지(1차재심),4804,캐나다,튀르키예,2012.04,-0.6546536707079772,3,0.6546536707079772
4,알루미늄 보틀캔,761290,일본,노르웨이,2013.01,-0.6546536707079772,0,0.6546536707079772
4,알루미늄 보틀캔,761290,일본,뉴질랜드,2013.01,-0.6546536707079772,1,0.6546536707079772
4,알루미늄 보틀캔,761290,일본,튀르키예,2013.01,-0.6546536707079772,0,0.6546536707079772
4,알루미늄 보틀캔,761290,일본,폴란드,2013.01,-0.6546536707079772,0,0.6546536707079772
4,알루미늄 보틀캔,761290,일본,헝가리,2013.01,-0.6546536707079772,3,0.6546536707079772
4,알루미늄 보틀캔,761290,일본,호주,2013.01,-0.6546536707079772,1,0.6546536707079772
5,염화콜린(2차재심),292310,중국,러시아 연방,2013.08,-0.6546536707079772,1,0.6546536707079772
6,스테인레스스틸바(2차재심),7222,인도,말레이시아,2013.11,-0.6546536707079772,0,0.6546536707079772
6,스테인레스스틸바(2차재심),7222,인도,캐나다,2013.11,-0.6546536707079772,1,0.6546536707079772
6,스테인레스스틸바(2차재심),7222,인도,파키스탄,2013.11,-0.6546536707079772,2,0.6546536707079772
6,스테인레스스틸바(2차재심),7222,일본,말레이시아,2013.11,-0.6546536707079772,1,0.6546536707079772
6,스테인레스스틸바(2차재심),7222,일본,체코공화국,2013.11,-0.6546536707079772,0,0.6546536707079772
6,스테인레스스틸바(2차재심),7222,일본,파키스탄,2013.11,-0.6546536707079772,3,0.6546536707079772
7,합판,4412,중국,가나,2013.11,-0.6546536707079772,2,0.6546536707079772
7,합판,4412,중국,노르웨이,2013.11,-0.6546536707079772,0,0.6546536707079772
7,합판,4412,중국,스페인,2013.11,-0.6546536707079772,3,0.6546536707079772
7,합판,4412,중국,싱가포르,2013.11,-0.6546536707079772,2,0.6546536707079772
7,합판,4412,중국,아랍에미리트 연합,2013.11,-0.6546536707079772,3,0.6546536707079772
7,합판,4412,중국,칠레,2013.11,-0.6546536707079772,0,0.6546536707079772
7,합판,4412,중국,캐나다,2013.11,-0.6546536707079772,2,0.6546536707079772
7,합판,4412,중국,콩고,2013.11,-0.6546536707079772,2,0.6546536707079772
7,합판,4412,중국,폴란드,2013.11,-0.6546536707079772,2,0.6546536707079772
7,합판,4412,중국,호주,2013.11,-0.6546536707079772,3,0.6546536707079772
8,폴리에스테르 장섬유 연신가공사(2차재심),5402,대만,브라질,2013.12,-0.6546536707079772,0,0.6546536707079772
8,폴리에스테르 장섬유 연신가공사(2차재심),5402,대만,콜롬비아,2013.12,-0.6546536707079772,2,0.6546536707079772
8,폴리에스테르 장섬유 연신가공사(2차재심),5402,말레이시아,브라질,2013.12,-0.6546536707079772,0,0.6546536707079772
8,폴리에스테르 장섬유 연신가공사(2차재심),5402,말레이시아,콜롬비아,2013.12,-0.6546536707079772,2,0.6546536707079772
8,폴리에스테르 장섬유 연신가공사(2차재심),5402,중국,도미니카 공화국,2013.12,-0.6546536707079772,0,0.6546536707079772
8,폴리에스테르 장섬유 연신가공사(2차재심),5402,중국,벨라루스,2013.12,-0.6546536707079772,3,0.6546536707079772
8,폴리에스테르 장섬유 연신가공사(2차재심),5402,중국,브라질,2013.12,-0.6546536707079772,1,0.6546536707079772
8,폴리에스테르 장섬유 연신가공사(2차재심),5402,중국,스리랑카,2013.12,-0.6546536707079772,0,0.6546536707079772
8,폴리에스테르 장섬유 연신가공사(2차재심),5402,중국,아랍에미리트 연합,2013.12,-0.6546536707079772,0,0.6546536707079772
8,폴리에스테르 장섬유 연신가공사(2차재심),5402,중국,콜롬비아,2013.12,-0.6546536707079772,3,0.6546536707079772
9,OPP필름,392020,인도네시아,러시아 연방,2013.12,-0.6546536707079772,2,0.6546536707079772
9,OPP필름,392020,인도네시아,체코공화국,2013.12,-0.6546536707079772,3,0.6546536707079772
9,OPP필름,392020,중국,스페인,2013.12,-0.6546536707079772,3,0.6546536707079772
9,OPP필름,392020,중국,슬로베니아,2013.12,-0.6546536707079772,3,0.6546536707079772
9,OPP필름,392020,태국,스페인,2013.12,-0.6546536707079772,3,0.6546536707079772
9,OPP필름,392020,태국,슬로베니아,2013.12,-0.6546536707079772,3,0.6546536707079772
10,합판(1차재심),4412,말레이시아,덴마크,2014.09,-0.6546536707079772,3,0.6546536707079772
10,합판(1차재심),4412,말레이시아,브라질,2014.09,-0.6546536707079772,2,0.6546536707079772
10,합판(1차재심),4412,말레이시아,포루투갈,2014.09,-0.6546536707079772,1,0.6546536707079772
10,합판(1차재심),4412,말레이시아,필리핀,2014.09,-0.6546536707079772,2,0.6546536707079772
11,두꺼운 PET필름,392062,일본,루마니아,2014.12,-0.6546536707079772,3,0.6546536707079772
11,두꺼운 PET필름,392062,일본,멕시코,2014.12,-0.6546536707079772,1,0.6546536707079772
11,두꺼운 PET필름,392062,일본,바레인,2014.12,-0.6546536707079772,0,0.6546536707079772
11,두꺼운 PET필름,392062,일본,스웨덴,2014.12,-0.6546536707079772,1,0.6546536707079772
11,두꺼운 PET필름,392062,일본,튀르키예,2014.12,-0.6546536707079772,0,0.6546536707079772
11,두꺼운 PET필름,392062,일본,프랑스,2014.12,-0.6546536707079772,2,0.6546536707079772
12,플로트판유리(2차재심),7005,중국,라트비아,2015.01,-0.6546536707079772,1,0.6546536707079772
12,플로트판유리(2차재심),7005,중국,러시아 연방,2015.01,-0.6546536707079772,1,0.6546536707079772
12,플로트판유리(2차재심),7005,중국,룩셈부르그,2015.01,-0.6546536707079772,1,0.6546536707079772
12,플로트판유리(2차재심),7005,중국,말레이시아,2015.01,-0.6546536707079772,3,0.6546536707079772
12,플로트판유리(2차재심),7005,중국,벨기에,2015.01,-0.6546536707079772,2,0.6546536707079772
12,플로트판유리(2차재심),7005,중국,싱가포르,2015.01,-0.6546536707079772,0,0.6546536707079772
12,플로트판유리(2차재심),7005,중국,영국,2015.01,-0.6546536707079772,2,0.6546536707079772
12,플로트판유리(2차재심),7005,중국,이탈리아,2015.01,-0.6546536707079772,3,0.6546536707079772
13,공기압 전송용 밸브,848120,일본,기타국,2015.08,-0.6546536707079772,1,0.6546536707079772
13,공기압 전송용 밸브,848120,일본,베트남,2015.08,-0.6546536707079772,1,0.6546536707079772
13,공기압 전송용 밸브,848120,일본,인도네시아,2015.08,-0.6546536707079772,1,0.6546536707079772
13,공기압 전송용 밸브,848120,일본,크로아티아,2015.08,-0.6546536707079772,1,0.6546536707079772
14,합판(신규공급자조사),4412,중국,가나,2014.02,-0.6546536707079772,0,0.6546536707079772
14,합판(신규공급자조사),4412,중국,스페인,2014.02,-0.6546536707079772,1,0.6546536707079772
14,합판(신규공급자조사),4412,중국,싱가포르,2014.02,-0.6546536707079772,0,0.6546536707079772
14,합판(신규공급자조사),4412,중국,아랍에미리트 연합,2014.02,-0.6546536707079772,1,0.6546536707079772
14,합판(신규공급자조사),4412,중국,체코공화국,2014.02,-0.6546536707079772,2,0.6546536707079772
14,합판(신규공급자조사),4412,중국,캐나다,2014.02,-0.6546536707079772,0,0.6546536707079772
14,합판(신규공급자조사),4412,중국,코스타리카,2014.02,-0.6546536707079772,3,0.6546536707079772
14,합판(신규공급자조사),4412,중국,콩고,2014.02,-0.6546536707079772,0,0.6546536707079772
14,합판(신규공급자조사),4412,중국,폴란드,2014.02,-0.6546536707079772,0,0.6546536707079772
14,합판(신규공급자조사),4412,중국,호주,2014.02,-0.6546536707079772,1,0.6546536707079772
15,합판(신규공급자조사),4412,중국,가나,2014.02,-0.6546536707079772,0,0.6546536707079772
15,합판(신규공급자조사),4412,중국,스페인,2014.02,-0.6546536707079772,1,0.6546536707079772
15,합판(신규공급자조사),4412,중국,싱가포르,2014.02,-0.6546536707079772,0,0.6546536707079772
15,합판(신규공급자조사),4412,중국,아랍에미리트 연합,2014.02,-0.6546536707079772,1,0.6546536707079772
15,합판(신규공급자조사),4412,중국,체코공화국,2014.02,-0.6546536707079772,2,0.6546536707079772
15,합판(신규공급자조사),4412,중국,캐나다,2014.02,-0.6546536707079772,0,0.6546536707079772
15,합판(신규공급자조사),4412,중국,코스타리카,2014.02,-0.6546536707079772,3,0.6546536707079772
15,합판(신규공급자조사),4412,중국,콩고,2014.02,-0.6546536707079772,0,0.6546536707079772
15,합판(신규공급자조사),4412,중국,폴란드,2014.02,-0.6546536707079772,0,0.6546536707079772
15,합판(신규공급자조사),4412,중국,호주,2014.02,-0.6546536707079772,1,0.6546536707079772
16,합판(신규공급자조사),4412,중국,가나,2014.02,-0.6546536707079772,0,0.6546536707079772
16,합판(신규공급자조사),4412,중국,스페인,2014.02,-0.6546536707079772,1,0.6546536707079772
16,합판(신규공급자조사),4412,중국,싱가포르,2014.02,-0.6546536707079772,0,0.6546536707079772
16,합판(신규공급자조사),4412,중국,아랍에미리트 연합,2014.02,-0.6546536707079772,1,0.6546536707079772
16,합판(신규공급자조사),4412,중국,체코공화국,2014.02,-0.6546536707079772,2,0.6546536707079772
16,합판(신규공급자조사),4412,중국,캐나다,2014.02,-0.6546536707079772,0,0.6546536707079772
16,합판(신규공급자조사),4412,중국,코스타리카,2014.02,-0.6546536707079772,3,0.6546536707079772
16,합판(신규공급자조사),4412,중국,콩고,2014.02,-0.6546536707079772,0,0.6546536707079772
16,합판(신규공급자조사),4412,중국,폴란드,2014.02,-0.6546536707079772,0,0.6546536707079772
16,합판(신규공급자조사),4412,중국,호주,2014.02,-0.6546536707079772,1,0.6546536707079772
17,초산에틸(2차재심),291531,일본,사우디아라비아,2015.11,-0.6546536707079772,2,0.6546536707079772
17,초산에틸(2차재심),291531,중국,프랑스,2015.11,-0.6546536707079772,2,0.6546536707079772
19,PET필름(2차재심),392062,인도,스위스,2016.01,-0.6546536707079772,0,0.6546536707079772
19,PET필름(2차재심),392062,인도,아일랜드,2016.01,-0.6546536707079772,1,0.6546536707079772
19,PET필름(2차재심),392062,중국,네덜란드,2016.01,-0.6546536707079772,1,0.6546536707079772
19,PET필름(2차재심),392062,중국,아일랜드,2016.01,-0.6546536707079772,0,0.6546536707079772
19,PET필름(2차재심),392062,중국,우루과이,2016.01,-0.6546536707079772,3,0.6546536707079772
20,침엽수 합판,441232,중국,미얀마,2016.03,-0.6546536707079772,0,0.6546536707079772
20,침엽수 합판,441232,중국,슬로베니아,2016.03,-0.6546536707079772,1,0.6546536707079772
20,침엽수 합판,441232,중국,프랑스,2016.03,-0.6546536707079772,3,0.6546536707079772
21,부틸글리콜에테르,290943,프랑스,독일,2016.12,-0.6546536707079772,3,0.6546536707079772
21,부틸글리콜에테르,290943,프랑스,일본,2016.12,-0.6546536707079772,3,0.6546536707079772
22,합판(2차재심),4412,말레이시아,가나,2017.05,-0.6546536707079772,2,0.6546536707079772
22,합판(2차재심),4412,말레이시아,가봉,2017.05,-0.6546536707079772,3,0.6546536707079772
22,합판(2차재심),4412,말레이시아,오스트리아,2017.05,-0.6546536707079772,3,0.6546536707079772
22,합판(2차재심),4412,말레이시아,인도,2017.05,-0.6546536707079772,3,0.6546536707079772
22,합판(2차재심),4412,말레이시아,프랑스,2017.05,-0.6546536707079772,1,0.6546536707079772
22,합판(2차재심),4412,말레이시아,홍콩,2017.05,-0.6546536707079772,3,0.6546536707079772
23,합판(1차재심),4412,중국,가나,2017.05,-0.6546536707079772,2,0.6546536707079772
23,합판(1차재심),4412,중국,가봉,2017.05,-0.6546536707079772,3,0.6546536707079772
23,합판(1차재심),4412,중국,오스트리아,2017.05,-0.6546536707079772,3,0.6546536707079772
23,합판(1차재심),4412,중국,인도,2017.05,-0.6546536707079772,3,0.6546536707079772
23,합판(1차재심),4412,중국,프랑스,2017.05,-0.6546536707079772,1,0.6546536707079772
23,합판(1차재심),4412,중국,홍콩,2017.05,-0.6546536707079772,3,0.6546536707079772
24,옵셋인쇄판,370130,중국,인도,2017.09,-0.6546536707079772,3,0.6546536707079772
24,옵셋인쇄판,370130,중국,홍콩,2017.09,-0.6546536707079772,1,0.6546536707079772
25,페로실리코망간,720230,베트남,네덜란드,2017.11,-0.6546536707079772,2,0.6546536707079772
25,페로실리코망간,720230,베트남,튀르키예,2017.11,-0.6546536707079772,0,0.6546536707079772
25,페로실리코망간,720230,인도,스페인,2017.11,-0.6546536707079772,2,0.6546536707079772
25,페로실리코망간,720230,인도,조지아,2017.11,-0.6546536707079772,1,0.6546536707079772
26,PET필름,392062,대만,아일랜드,2018.04,-0.6546536707079772,2,0.6546536707079772
26,PET필름,392062,대만,오스트리아,2018.04,-0.6546536707079772,3,0.6546536707079772
26,PET필름,392062,대만,페루,2018.04,-0.6546536707079772,0,0.6546536707079772
26,PET필름,392062,태국,스웨덴,2018.04,-0.6546536707079772,1,0.6546536707079772
26,PET필름,392062,태국,에쿠아도르,2018.04,-0.6546536707079772,2,0.6546536707079772
26,PET필름,392062,태국,오스트리아,2018.04,-0.6546536707079772,1,0.6546536707079772
26,PET필름,392062,태국,캐나다,2018.04,-0.6546536707079772,3,0.6546536707079772
26,PET필름,392062,태국,폴란드,2018.04,-0.6546536707079772,1,0.6546536707079772
27,아연도금철선,721720,중국,말레이시아,2018.08,-0.6546536707079772,2,0.6546536707079772
27,아연도금철선,721720,중국,멕시코,2018.08,-0.6546536707079772,1,0.6546536707079772
27,아연도금철선,721720,중국,브라질,2018.08,-0.6546536707079772,2,0.6546536707079772
27,아연도금철선,721720,중국,프랑스,2018.08,-0.6546536707079772,1,0.6546536707079772
28,플로트판유리(3차재심),7005,중국,러시아 연방,2018.08,-0.6546536707079772,2,0.6546536707079772
28,플로트판유리(3차재심),7005,중국,루마니아,2018.08,-0.6546536707079772,2,0.6546536707079772
28,플로트판유리(3차재심),7005,중국,베트남,2018.08,-0.6546536707079772,3,0.6546536707079772
28,플로트판유리(3차재심),7005,중국,싱가포르,2018.08,-0.6546536707079772,1,0.6546536707079772
28,플로트판유리(3차재심),7005,중국,이집트,2018.08,-0.6546536707079772,1,0.6546536707079772
29,초산에틸(3차재심),291531,일본,체코공화국,2019.07,-0.6546536707079772,2,0.6546536707079772
29,초산에틸(3차재심),291531,중국,체코공화국,2019.07,-0.6546536707079772,2,0.6546536707079772
31,OPP필름(1차재심),392020,인도네시아,벨기에,2019.08,-0.6546536707079772,3,0.6546536707079772
31,OPP필름(1차재심),392020,인도네시아,아르헨티나,2019.08,-0.6546536707079772,1,0.6546536707079772
31,OPP필름(1차재심),392020,인도네시아,카타르,2019.08,-0.6546536707079772,1,0.6546536707079772
31,OPP필름(1차재심),392020,인도네시아,핀란드,2019.08,-0.6546536707079772,2,0.6546536707079772
31,OPP필름(1차재심),392020,중국,벨기에,2019.08,-0.6546536707079772,3,0.6546536707079772
31,OPP필름(1차재심),392020,중국,아르헨티나,2019.08,-0.6546536707079772,1,0.6546536707079772
31,OPP필름(1차재심),392020,중국,카타르,2019.08,-0.6546536707079772,1,0.6546536707079772
31,OPP필름(1차재심),392020,중국,핀란드,2019.08,-0.6546536707079772,2,0.6546536707079772
31,OPP필름(1차재심),392020,태국,벨기에,2019.08,-0.6546536707079772,3,0.6546536707079772
31,OPP필름(1차재심),392020,태국,아르헨티나,2019.08,-0.6546536707079772,1,0.6546536707079772
31,OPP필름(1차재심),392020,태국,카타르,2019.08,-0.6546536707079772,1,0.6546536707079772
31,OPP필름(1차재심),392020,태국,핀란드,2019.08,-0.6546536707079772,2,0.6546536707079772
33,스테인리스 스틸바,7222,일본,남아프리카공화국,2020.05,-0.6546536707079772,3,0.6546536707079772
33,스테인리스 스틸바,7222,일본,노르웨이,2020.05,-0.6546536707079772,3,0.6546536707079772
33,스테인리스 스틸바,7222,일본,멕시코,2020.05,-0.6546536707079772,1,0.6546536707079772
33,스테인리스 스틸바,7222,일본,슬로베니아,2020.05,-0.6546536707079772,2,0.6546536707079772
33,스테인리스 스틸바,7222,일본,캐나다,2020.05,-0.6546536707079772,1,0.6546536707079772
34,합판,4412,말레이시아,니카라과,2020.11,-0.6546536707079772,2,0.6546536707079772
34,합판,4412,말레이시아,스위스,2020.11,-0.6546536707079772,0,0.6546536707079772
34,합판,4412,말레이시아,우크라이나,2020.11,-0.6546536707079772,0,0.6546536707079772
34,합판,4412,말레이시아,태국,2020.11,-0.6546536707079772,0,0.6546536707079772
34,합판,4412,말레이시아,튀르키예,2020.11,-0.6546536707079772,0,0.6546536707079772
34,합판,4412,말레이시아,폴란드,2020.11,-0.6546536707079772,1,0.6546536707079772
35,합판,4412,중국,니카라과,2020.11,-0.6546536707079772,1,0.6546536707079772
35,합판,4412,중국,오스트리아,2020.11,-0.6546536707079772,3,0.6546536707079772
35,합판,4412,중국,폴란드,2020.11,-0.6546536707079772,0,0.6546536707079772
36,합판,4412,베트남,덴마크,2020.11,-0.6546536707079772,3,0.6546536707079772
36,합판,4412,베트남,벨라루스,2020.11,-0.6546536707079772,1,0.6546536707079772
36,합판,4412,베트남,영국,2020.11,-0.6546536707079772,3,0.6546536707079772
36,합판,4412,베트남,오스트리아,2020.11,-0.6546536707079772,1,0.6546536707079772
37,스테인리스스틸바,7222,스페인,남아프리카공화국,2021.01,-0.6546536707079772,3,0.6546536707079772
37,스테인리스스틸바,7222,스페인,룩셈부르그,2021.01,-0.6546536707079772,0,0.6546536707079772
37,스테인리스스틸바,7222,스페인,벨기에,2021.01,-0.6546536707079772,2,0.6546536707079772
37,스테인리스스틸바,7222,스페인,싱가포르,2021.01,-0.6546536707079772,3,0.6546536707079772
37,스테인리스스틸바,7222,스페인,태국,2021.01,-0.6546536707079772,3,0.6546536707079772
37,스테인리스스틸바,7222,스페인,홍콩,2021.01,-0.6546536707079772,2,0.6546536707079772
37,스테인리스스틸바,7222,인도,남아프리카공화국,2021.01,-0.6546536707079772,3,0.6546536707079772
37,스테인리스스틸바,7222,인도,룩셈부르그,2021.01,-0.6546536707079772,0,0.6546536707079772
37,스테인리스스틸바,7222,인도,벨기에,2021.01,-0.6546536707079772,2,0.6546536707079772
37,스테인리스스틸바,7222,인도,싱가포르,2021.01,-0.6546536707079772,3,0.6546536707079772
37,스테인리스스틸바,7222,인도,태국,2021.01,-0.6546536707079772,3,0.6546536707079772
37,스테인리스스틸바,7222,인도,홍콩,2021.01,-0.6546536707079772,2,0.6546536707079772
37,스테인리스스틸바,7222,일본,룩셈부르그,2021.01,-0.6546536707079772,1,0.6546536707079772
37,스테인리스스틸바,7222,일본,홍콩,2021.01,-0.6546536707079772,3,0.6546536707079772
38,인쇄제판용 평면모양 사진 플레이트(옵셋 인쇄판),370130,중국,이탈리아,2021.05,-0.6546536707079772,2,0.6546536707079772
39,PET필름,392062,대만,포루투갈,2021.12,-0.6546536707079772,3,0.6546536707079772
39,PET필름,392062,태국,포루투갈,2021.12,-0.6546536707079772,3,0.6546536707079772
40,플로트판유리,7005,중국,덴마크,2022.04,-0.6546536707079772,0,0.6546536707079772
40,플로트판유리,7005,중국,스페인,2022.04,-0.6546536707079772,1,0.6546536707079772
40,플로트판유리,7005,중국,영국,2022.04,-0.6546536707079772,3,0.6546536707079772
40,플로트판유리,7005,중국,이스라엘,2022.04,-0.6546536707079772,3,0.6546536707079772
40,플로트판유리,7005,중국,폴란드,2022.04,-0.6546536707079772,3,0.6546536707079772
40,플로트판유리,7005,중국,필리핀,2022.04,-0.6546536707079772,0,0.6546536707079772
42,부틸글리콜에테르,290943,미국,베트남,2022.07,-0.6546536707079772,1,0.6546536707079772
44,이음매없는동관,7411,베트남,대만,2023.03,-0.6546536707079772,2,0.6546536707079772
44,이음매없는동관,7411,베트남,아일랜드,2023.03,-0.6546536707079772,2,0.6546536707079772
44,이음매없는동관,7411,베트남,카타르,2023.03,-0.6546536707079772,3,0.6546536707079772
44,이음매없는동관,7411,중국,대만,2023.03,-0.6546536707079772,2,0.6546536707079772
44,이음매없는동관,7411,중국,아일랜드,2023.03,-0.6546536707079772,2,0.6546536707079772
44,이음매없는동관,7411,중국,카타르,2023.03,-0.6546536707079772,3,0.6546536707079772
45,폴리아미드필름,392092,중국,스위스,2023.02,-0.6546536707079772,1,0.6546536707079772
45,폴리아미드필름,392092,중국,핀란드,2023.02,-0.6546536707079772,2,0.6546536707079772
46,수산화알루미늄,281830,중국,체코공화국,2023.04,-0.6546536707079772,2,0.6546536707079772
46,수산화알루미늄,281830,중국,폴란드,2023.04,-0.6546536707079772,3,0.6546536707079772
46,수산화알루미늄,281830,중국,헝가리,2023.04,-0.6546536707079772,2,0.6546536707079772
47,페로실리코망간,720230,베트남,브라질,2023.07,-0.6546536707079772,3,0.6546536707079772
47,페로실리코망간,720230,베트남,조지아,2023.07,-0.6546536707079772,3,0.6546536707079772
47,페로실리코망간,720230,베트남,홍콩,2023.07,-0.6546536707079772,3,0.6546536707079772
47,페로실리코망간,720230,인도,브라질,2023.07,-0.6546536707079772,3,0.6546536707079772
47,페로실리코망간,720230,인도,조지아,2023.07,-0.6546536707079772,3,0.6546536707079772
47,페로실리코망간,720230,인도,홍콩,2023.07,-0.6546536707079772,3,0.6546536707079772
48,도공(coated) 인쇄용지,4810,일본,남아프리카공화국,2024.03,-0.6546536707079772,3,0.6546536707079772
48,도공(coated) 인쇄용지,4810,일본,미얀마,2024.03,-0.6546536707079772,2,0.6546536707079772
48,도공(coated) 인쇄용지,4810,일본,브라질,2024.03,-0.6546536707079772,3,0.6546536707079772
48,도공(coated) 인쇄용지,4810,일본,세이쉘,2024.03,-0.6546536707079772,0,0.6546536707079772
48,도공(coated) 인쇄용지,4810,일본,튀르키예,2024.03,-0.6546536707079772,0,0.6546536707079772
48,도공(coated) 인쇄용지,4810,일본,포루투갈,2024.03,-0.6546536707079772,2,0.6546536707079772
48,도공(coated) 인쇄용지,4810,일본,호주,2024.03,-0.6546536707079772,1,0.6546536707079772
48,도공(coated) 인쇄용지,4810,중국,남아프리카공화국,2024.03,-0.6546536707079772,3,0.6546536707079772
48,도공(coated) 인쇄용지,4810,중국,멕시코,2024.03,-0.6546536707079772,3,0.6546536707079772
48,도공(coated) 인쇄용지,4810,중국,미얀마,2024.03,-0.6546536707079772,2,0.6546536707079772
48,도공(coated) 인쇄용지,4810,중국,브라질,2024.03,-0.6546536707079772,3,0.6546536707079772
48,도공(coated) 인쇄용지,4810,중국,세이쉘,2024.03,-0.6546536707079772,0,0.6546536707079772
48,도공(coated) 인쇄용지,4810,중국,튀르키예,2024.03,-0.6546536707079772,0,0.6546536707079772
48,도공(coated) 인쇄용지,4810,중국,포루투갈,2024.03,-0.6546536707079772,2,0.6546536707079772
48,도공(coated) 인쇄용지,4810,중국,호주,2024.03,-0.6546536707079772,1,0.6546536707079772
48,도공(coated) 인쇄용지,4810,핀란드,남아프리카공화국,2024.03,-0.6546536707079772,1,0.6546536707079772
48,도공(coated) 인쇄용지,4810,핀란드,몽골,2024.03,-0.6546536707079772,3,0.6546536707079772
48,도공(coated) 인쇄용지,4810,핀란드,미얀마,2024.03,-0.6546536707079772,0,0.6546536707079772
48,도공(coated) 인쇄용지,4810,핀란드,벨기에,2024.03,-0.6546536707079772,2,0.6546536707079772
48,도공(coated) 인쇄용지,4810,핀란드,브라질,2024.03,-0.6546536707079772,1,0.6546536707079772
48,도공(coated) 인쇄용지,4810,핀란드,캐나다,2024.03,-0.6546536707079772,0,0.6546536707079772
48,도공(coated) 인쇄용지,4810,핀란드,콜롬비아,2024.03,-0.6546536707079772,2,0.6546536707079772
48,도공(coated) 인쇄용지,4810,핀란드,포루투갈,2024.03,-0.6546536707079772,0,0.6546536707079772
49,백시멘트,252321,이집트,중국,2024.04,-0.6546536707079772,0,0.6546536707079772
50,합판,4412,중국,노르웨이,2024.07,-0.6546536707079772,2,0.6546536707079772
50,합판,4412,중국,대만,2024.07,-0.6546536707079772,2,0.6546536707079772
50,합판,4412,중국,이집트,2024.07,-0.6546536707079772,1,0.6546536707079772
51,합판,4412,말레이시아,노르웨이,2024.07,-0.6546536707079772,2,0.6546536707079772
51,합판,4412,말레이시아,대만,2024.07,-0.6546536707079772,2,0.6546536707079772
51,합판,4412,말레이시아,이집트,2024.07,-0.6546536707079772,1,0.6546536707079772
52,합판,4412,베트남,노르웨이,2024.07,-0.6546536707079772,2,0.6546536707079772
52,합판,4412,베트남,대만,2024.07,-0.6546536707079772,2,0.6546536707079772
52,합판,4412,베트남,이집트,2024.07,-0.6546536707079772,1,0.6546536707079772
53,PET수지,390761,중국,멕시코,2024.11,-0.6546536707079772,2,0.6546536707079772
53,PET수지,390761,중국,미국,2024.11,-0.6546536707079772,0,0.6546536707079772
53,PET수지,390761,중국,스페인,2024.11,-0.6546536707079772,2,0.6546536707079772
53,PET수지,390761,중국,오만,2024.11,-0.6546536707079772,2,0.6546536707079772
53,PET수지,390761,중국,폴란드,2024.11,-0.6546536707079772,2,0.6546536707079772
54,OPP필름,392020,중국,멕시코,2025.04,-0.6546536707079772,0,0.6546536707079772
54,OPP필름,392020,중국,바레인,2025.04,-0.6546536707079772,3,0.6546536707079772
54,OPP필름,392020,중국,스위스,2025.04,-0.6546536707079772,2,0.6546536707079772
54,OPP필름,392020,중국,이스라엘,2025.04,-0.6546536707079772,1,0.6546536707079772
54,OPP필름,392020,중국,이집트,2025.04,-0.6546536707079772,1,0.6546536707079772
54,OPP필름,392020,중국,케냐,2025.04,-0.6546536707079772,0,0.6546536707079772
54,OPP필름,392020,중국,필리핀,2025.04,-0.6546536707079772,0,0.6546536707079772
54,OPP필름,392020,태국,바레인,2025.04,-0.6546536707079772,2,0.6546536707079772
54,OPP필름,392020,태국,스위스,2025.04,-0.6546536707079772,1,0.6546536707079772
54,OPP필름,392020,태국,이스라엘,2025.04,-0.6546536707079772,0,0.6546536707079772
54,OPP필름,392020,태국,이집트,2025.04,-0.6546536707079772,0,0.6546536707079772
54,OPP필름,392020,태국,핀란드,2025.04,-0.6546536707079772,1,0.6546536707079772
55,스테인리스강 냉간압연제품,7220,베트남,멕시코,2025.07,-0.6546536707079772,3,0.6546536707079772
55,스테인리스강 냉간압연제품,7220,베트남,브라질,2025.07,-0.6546536707079772,3,0.6546536707079772
55,스테인리스강 냉간압연제품,7220,베트남,체코공화국,2025.07,-0.6546536707079772,3,0.6546536707079772
56,석유수지,391110,대만,말레이시아,2025.08,-0.6546536707079772,2,0.6546536707079772
56,석유수지,391110,대만,벨기에,2025.08,-0.6546536707079772,2,0.6546536707079772
56,석유수지,391110,대만,스페인,2025.08,-0.6546536707079772,3,0.6546536707079772
56,석유수지,391110,중국,말레이시아,2025.08,-0.6546536707079772,2,0.6546536707079772
56,석유수지,391110,중국,벨기에,2025.08,-0.6546536707079772,2,0.6546536707079772
56,석유수지,391110,중국,스페인,2025.08,-0.6546536707079772,3,0.6546536707079772
59,탄소강과 그밖의 합금강 열간압연 후판제품,7208,중국,캐나다,2025.11,-0.6546536707079772,0,0.6546536707079772
46,수산화알루미늄,281830,호주,덴마크,2023.04,-0.6470588235294118,2,0.6470588235294118
2,크라프트지(1차재심),4804,인도네시아,이탈리아,2012.04,-0.6465790872963896,3,0.6465790872963896
17,초산에틸(2차재심),291531,싱가포르,남아프리카공화국,2015.11,-0.6465790872963896,2,0.6465790872963896
43,부틸글리콜에테르,290943,사우디아라비아,중국,2022.09,-0.6465790872963896,1,0.6465790872963896
2,크라프트지(1차재심),4804,중국,체코공화국,2012.04,-0.6377481392176932,2,0.6377481392176932
6,스테인레스스틸바(2차재심),7222,스페인,대만,2013.11,-0.6377481392176932,3,0.6377481392176932
9,OPP필름,392020,인도네시아,이탈리아,2013.12,-0.6377481392176932,0,0.6377481392176932
32,PET필름(3차재심),392062,인도,이탈리아,2019.09,-0.6377481392176932,1,0.6377481392176932
32,PET필름(3차재심),392062,인도,홍콩,2019.09,-0.6377481392176932,3,0.6377481392176932
37,스테인리스스틸바,7222,스페인,체코공화국,2021.01,-0.6377481392176932,1,0.6377481392176932
37,스테인리스스틸바,7222,일본,체코공화국,2021.01,-0.6377481392176932,1,0.6377481392176932
44,이음매없는동관,7411,중국,체코공화국,2023.03,-0.6377481392176932,3,0.6377481392176932
46,수산화알루미늄,281830,호주,인도네시아,2023.04,-0.6377481392176932,1,0.6377481392176932
52,합판,4412,베트남,칠레,2024.07,-0.6377481392176932,3,0.6377481392176932
55,스테인리스강 냉간압연제품,7220,베트남,벨기에,2025.07,-0.6377481392176932,3,0.6377481392176932
2,크라프트지(1차재심),4804,캐나다,이탈리아,2012.04,-0.6375355777548621,3,0.6375355777548621
5,염화콜린(2차재심),292310,중국,벨기에,2013.08,-0.6375355777548621,1,0.6375355777548621
13,공기압 전송용 밸브,848120,일본,캐나다,2015.08,-0.6375355777548621,2,0.6375355777548621
26,PET필름,392062,태국,싱가포르,2018.04,-0.6375355777548621,3,0.6375355777548621
28,플로트판유리(3차재심),7005,중국,필리핀,2018.08,-0.6375355777548621,2,0.6375355777548621
21,부틸글리콜에테르,290943,프랑스,싱가포르,2016.12,-0.632455532033676,2,0.632455532033676
46,수산화알루미늄,281830,호주,프랑스,2023.04,-0.6176470588235294,0,0.6176470588235294
0,초산에틸(1차재심),291531,일본,영국,2012.03,-0.6172133998483678,2,0.6172133998483678
13,공기압 전송용 밸브,848120,일본,아일랜드,2015.08,-0.6172133998483678,1,0.6172133998483678
36,합판,4412,베트남,싱가포르,2020.11,-0.6172133998483678,0,0.6172133998483678
21,부틸글리콜에테르,290943,미국,일본,2016.12,-0.6087595874350709,0,0.6087595874350709
0,초산에틸(1차재심),291531,중국,남아프리카공화국,2012.03,-0.6,3,0.6
1,PET필름(1차재심),392062,중국,독일,2012.05,-0.6,3,0.6
1,PET필름(1차재심),392062,중국,미국,2012.05,-0.6,3,0.6
1,PET필름(1차재심),392062,중국,아랍에미리트 연합,2012.05,-0.6,3,0.6
1,PET필름(1차재심),392062,중국,영국,2012.05,-0.6,1,0.6
1,PET필름(1차재심),392062,중국,일본,2012.05,-0.6,1,0.6
2,크라프트지(1차재심),4804,미국,네덜란드,2012.04,-0.6,1,0.6
2,크라프트지(1차재심),4804,미국,영국,2012.04,-0.6,3,0.6
2,크라프트지(1차재심),4804,미국,프랑스,2012.04,-0.6,1,0.6
2,크라프트지(1차재심),4804,미국,핀란드,2012.04,-0.6,3,0.6
2,크라프트지(1차재심),4804,중국,네덜란드,2012.04,-0.6,2,0.6
2,크라프트지(1차재심),4804,캐나다,영국,2012.04,-0.6,3,0.6
4,알루미늄 보틀캔,761290,일본,대만,2013.01,-0.6,0,0.6
6,스테인레스스틸바(2차재심),7222,일본,미국,2013.11,-0.6,3,0.6
6,스테인레스스틸바(2차재심),7222,일본,중국,2013.11,-0.6,0,0.6
7,합판,4412,중국,대만,2013.11,-0.6,3,0.6
7,합판,4412,중국,독일,2013.11,-0.6,3,0.6
7,합판,4412,중국,에스토니아,2013.11,-0.6,1,0.6
7,합판,4412,중국,인도네시아,2013.11,-0.6,3,0.6
8,폴리에스테르 장섬유 연신가공사(2차재심),5402,대만,베트남,2013.12,-0.6,1,0.6
8,폴리에스테르 장섬유 연신가공사(2차재심),5402,대만,스위스,2013.12,-0.6,0,0.6
8,폴리에스테르 장섬유 연신가공사(2차재심),5402,대만,싱가포르,2013.12,-0.6,2,0.6
8,폴리에스테르 장섬유 연신가공사(2차재심),5402,중국,베트남,2013.12,-0.6,0,0.6
9,OPP필름,392020,중국,독일,2013.12,-0.6,2,0.6
9,OPP필름,392020,태국,일본,2013.12,-0.6,2,0.6
10,합판(1차재심),4412,말레이시아,독일,2014.09,-0.6,1,0.6
10,합판(1차재심),4412,말레이시아,러시아 연방,2014.09,-0.6,1,0.6
10,합판(1차재심),4412,말레이시아,오스트리아,2014.09,-0.6,1,0.6
12,플로트판유리(2차재심),7005,중국,일본,2015.01,-0.6,2,0.6
13,공기압 전송용 밸브,848120,일본,영국,2015.08,-0.6,1,0.6
14,합판(신규공급자조사),4412,중국,말레이시아,2014.02,-0.6,0,0.6
14,합판(신규공급자조사),4412,중국,핀란드,2014.02,-0.6,2,0.6
15,합판(신규공급자조사),4412,중국,말레이시아,2014.02,-0.6,0,0.6
15,합판(신규공급자조사),4412,중국,핀란드,2014.02,-0.6,2,0.6
16,합판(신규공급자조사),4412,중국,말레이시아,2014.02,-0.6,0,0.6
16,합판(신규공급자조사),4412,중국,핀란드,2014.02,-0.6,2,0.6
19,PET필름(2차재심),392062,인도,일본,2016.01,-0.6,3,0.6
22,합판(2차재심),4412,말레이시아,라트비아,2017.05,-0.6,3,0.6
22,합판(2차재심),4412,말레이시아,러시아 연방,2017.05,-0.6,1,0.6
22,합판(2차재심),4412,말레이시아,인도네시아,2017.05,-0.6,1,0.6
23,합판(1차재심),4412,중국,라트비아,2017.05,-0.6,3,0.6
24,옵셋인쇄판,370130,중국,브라질,2017.09,-0.6,3,0.6
25,페로실리코망간,720230,베트남,말레이시아,2017.11,-0.6,0,0.6
26,PET필름,392062,대만,일본,2018.04,-0.6,3,0.6
26,PET필름,392062,태국,독일,2018.04,-0.6,0,0.6
26,PET필름,392062,태국,영국,2018.04,-0.6,2,0.6
28,플로트판유리(3차재심),7005,중국,미국,2018.08,-0.6,2,0.6
29,초산에틸(3차재심),291531,중국,독일,2019.07,-0.6,1,0.6
31,OPP필름(1차재심),392020,인도네시아,말레이시아,2019.08,-0.6,2,0.6
32,PET필름(3차재심),392062,인도,대만,2019.09,-0.6,1,0.6
32,PET필름(3차재심),392062,중국,벨기에,2019.09,-0.6,2,0.6
33,스테인리스 스틸바,7222,일본,영국,2020.05,-0.6,3,0.6
34,합판,4412,말레이시아,헝가리,2020.11,-0.6,2,0.6
36,합판,4412,베트남,이탈리아,2020.11,-0.6,1,0.6
36,합판,4412,베트남,일본,2020.11,-0.6,0,0.6
36,합판,4412,베트남,핀란드,2020.11,-0.6,0,0.6
36,합판,4412,베트남,헝가리,2020.11,-0.6,0,0.6
37,스테인리스스틸바,7222,일본,네덜란드,2021.01,-0.6,3,0.6
39,PET필름,392062,대만,베트남,2021.12,-0.6,0,0.6
39,PET필름,392062,대만,프랑스,2021.12,-0.6,3,0.6
39,PET필름,392062,태국,베트남,2021.12,-0.6,0,0.6
39,PET필름,392062,태국,프랑스,2021.12,-0.6,3,0.6
44,이음매없는동관,7411,베트남,태국,2023.03,-0.6,0,0.6
44,이음매없는동관,7411,중국,태국,2023.03,-0.6,1,0.6
46,수산화알루미늄,281830,중국,일본,2023.04,-0.6,2,0.6
48,도공(coated) 인쇄용지,4810,중국,영국,2024.03,-0.6,2,0.6
48,도공(coated) 인쇄용지,4810,중국,인도,2024.03,-0.6,2,0.6
48,도공(coated) 인쇄용지,4810,핀란드,베트남,2024.03,-0.6,1,0.6
48,도공(coated) 인쇄용지,4810,핀란드,싱가포르,2024.03,-0.6,2,0.6
51,합판,4412,말레이시아,중국,2024.07,-0.6,3,0.6
52,합판,4412,베트남,루마니아,2024.07,-0.6,3,0.6
52,합판,4412,베트남,인도네시아,2024.07,-0.6,2,0.6
53,PET수지,390761,중국,필리핀,2024.11,-0.6,3,0.6
54,OPP필름,392020,중국,미국,2025.04,-0.6,1,0.6
54,OPP필름,392020,중국,베트남,2025.04,-0.6,1,0.6
54,OPP필름,392020,중국,이탈리아,2025.04,-0.6,2,0.6
54,OPP필름,392020,태국,이탈리아,2025.04,-0.6,0,0.6
54,OPP필름,392020,태국,일본,2025.04,-0.6,1,0.6
55,스테인리스강 냉간압연제품,7220,베트남,스웨덴,2025.07,-0.6,2,0.6
56,석유수지,391110,중국,싱가포르,2025.08,-0.6,1,0.6
59,탄소강과 그밖의 합금강 열간압연 후판제품,7208,중국,대만,2025.11,-0.6,0,0.6
59,탄소강과 그밖의 합금강 열간압연 후판제품,7208,중국,벨기에,2025.11,-0.6,0,0.6
2,크라프트지(1차재심),4804,미국,남아프리카공화국,2012.04,-0.5797710356524484,1,0.5797710356524484
6,스테인레스스틸바(2차재심),7222,인도,노르웨이,2013.11,-0.5797710356524484,2,0.5797710356524484
8,폴리에스테르 장섬유 연신가공사(2차재심),5402,대만,홍콩,2013.12,-0.5797710356524484,1,0.5797710356524484
9,OPP필름,392020,인도네시아,오스트리아,2013.12,-0.5797710356524484,1,0.5797710356524484
11,두꺼운 PET필름,392062,일본,파키스탄,2014.12,-0.5797710356524484,0,0.5797710356524484
26,PET필름,392062,태국,기타국,2018.04,-0.5797710356524484,0,0.5797710356524484
26,PET필름,392062,태국,프랑스,2018.04,-0.5797710356524484,3,0.5797710356524484
32,PET필름(3차재심),392062,중국,핀란드,2019.09,-0.5797710356524484,1,0.5797710356524484
33,스테인리스 스틸바,7222,일본,포루투갈,2020.05,-0.5797710356524484,3,0.5797710356524484
46,수산화알루미늄,281830,중국,베트남,2023.04,-0.5797710356524484,3,0.5797710356524484
50,합판,4412,중국,스페인,2024.07,-0.5797710356524484,1,0.5797710356524484
1,PET필름(1차재심),392062,중국,오스트리아,2012.05,-0.5768179036829705,1,0.5768179036829705
2,크라프트지(1차재심),4804,중국,이탈리아,2012.04,-0.5768179036829705,2,0.5768179036829705
8,폴리에스테르 장섬유 연신가공사(2차재심),5402,중국,홍콩,2013.12,-0.5768179036829705,3,0.5768179036829705
10,합판(1차재심),4412,말레이시아,루마니아,2014.09,-0.5768179036829705,3,0.5768179036829705
22,합판(2차재심),4412,말레이시아,네덜란드,2017.05,-0.5768179036829705,2,0.5768179036829705
22,합판(2차재심),4412,말레이시아,미얀마,2017.05,-0.5768179036829705,1,0.5768179036829705
22,합판(2차재심),4412,말레이시아,영국,2017.05,-0.5768179036829705,2,0.5768179036829705
32,PET필름(3차재심),392062,중국,네덜란드,2019.09,-0.5768179036829705,3,0.5768179036829705
39,PET필름,392062,대만,이스라엘,2021.12,-0.5768179036829705,2,0.5768179036829705
39,PET필름,392062,태국,이스라엘,2021.12,-0.5768179036829705,2,0.5768179036829705
48,도공(coated) 인쇄용지,4810,핀란드,덴마크,2024.03,-0.5768179036829705,2,0.5768179036829705
54,OPP필름,392020,태국,벨기에,2025.04,-0.5768179036829705,3,0.5768179036829705
54,OPP필름,392020,태국,스페인,2025.04,-0.5768179036829705,0,0.5768179036829705
5,염화콜린(2차재심),292310,미국,영국,2013.08,-0.5659453309702792,0,0.5659453309702792
2,크라프트지(1차재심),4804,미국,에스토니아,2012.04,-0.5507824838698261,2,0.5507824838698261
4,알루미늄 보틀캔,761290,일본,네덜란드,2013.01,-0.5507824838698261,1,0.5507824838698261
26,PET필름,392062,태국,인도,2018.04,-0.5507824838698261,3,0.5507824838698261
33,스테인리스 스틸바,7222,일본,네덜란드,2020.05,-0.5507824838698261,3,0.5507824838698261
35,합판,4412,중국,스페인,2020.11,-0.5507824838698261,0,0.5507824838698261
44,이음매없는동관,7411,중국,필리핀,2023.03,-0.5507824838698261,3,0.5507824838698261
45,폴리아미드필름,392092,중국,러시아 연방,2023.02,-0.5507824838698261,0,0.5507824838698261
46,수산화알루미늄,281830,중국,덴마크,2023.04,-0.5507824838698261,3,0.5507824838698261
52,합판,4412,베트남,벨기에,2024.07,-0.5507824838698261,3,0.5507824838698261
55,스테인리스강 냉간압연제품,7220,베트남,스위스,2025.07,-0.5507824838698261,3,0.5507824838698261
56,석유수지,391110,대만,태국,2025.08,-0.5507824838698261,3,0.5507824838698261
46,수산화알루미늄,281830,호주,일본,2023.04,-0.550782483869826,1,0.550782483869826
1,PET필름(1차재심),392062,인도,영국,2012.05,-0.5428571428571429,1,0.5428571428571429
1,PET필름(1차재심),392062,인도,일본,2012.05,-0.5428571428571429,1,0.5428571428571429
1,PET필름(1차재심),392062,인도,태국,2012.05,-0.5428571428571429,3,0.5428571428571429
1,PET필름(1차재심),392062,인도,홍콩,2012.05,-0.5428571428571429,3,0.5428571428571429
2,크라프트지(1차재심),4804,미국,일본,2012.04,-0.5428571428571429,1,0.5428571428571429
2,크라프트지(1차재심),4804,중국,핀란드,2012.04,-0.5428571428571429,2,0.5428571428571429
2,크라프트지(1차재심),4804,캐나다,폴란드,2012.04,-0.5428571428571429,1,0.5428571428571429
2,크라프트지(1차재심),4804,캐나다,호주,2012.04,-0.5428571428571429,1,0.5428571428571429
5,염화콜린(2차재심),292310,중국,독일,2013.08,-0.5428571428571429,3,0.5428571428571429
6,스테인레스스틸바(2차재심),7222,일본,베트남,2013.11,-0.5428571428571429,0,0.5428571428571429
6,스테인레스스틸바(2차재심),7222,일본,프랑스,2013.11,-0.5428571428571429,2,0.5428571428571429
8,폴리에스테르 장섬유 연신가공사(2차재심),5402,대만,독일,2013.12,-0.5428571428571429,0,0.5428571428571429
8,폴리에스테르 장섬유 연신가공사(2차재심),5402,중국,스페인,2013.12,-0.5428571428571429,2,0.5428571428571429
9,OPP필름,392020,인도네시아,말레이시아,2013.12,-0.5428571428571429,0,0.5428571428571429
9,OPP필름,392020,인도네시아,필리핀,2013.12,-0.5428571428571429,2,0.5428571428571429
9,OPP필름,392020,중국,말레이시아,2013.12,-0.5428571428571429,0,0.5428571428571429
9,OPP필름,392020,태국,독일,2013.12,-0.5428571428571429,3,0.5428571428571429
9,OPP필름,392020,태국,말레이시아,2013.12,-0.5428571428571429,0,0.5428571428571429
10,합판(1차재심),4412,말레이시아,베트남,2014.09,-0.5428571428571429,2,0.5428571428571429
10,합판(1차재심),4412,말레이시아,칠레,2014.09,-0.5428571428571429,1,0.5428571428571429
10,합판(1차재심),4412,말레이시아,핀란드,2014.09,-0.5428571428571429,1,0.5428571428571429
12,플로트판유리(2차재심),7005,중국,홍콩,2015.01,-0.5428571428571429,2,0.5428571428571429
13,공기압 전송용 밸브,848120,일본,덴마크,2015.08,-0.5428571428571429,1,0.5428571428571429
13,공기압 전송용 밸브,848120,일본,핀란드,2015.08,-0.5428571428571429,1,0.5428571428571429
14,합판(신규공급자조사),4412,중국,태국,2014.02,-0.5428571428571429,2,0.5428571428571429
15,합판(신규공급자조사),4412,중국,태국,2014.02,-0.5428571428571429,2,0.5428571428571429
16,합판(신규공급자조사),4412,중국,태국,2014.02,-0.5428571428571429,2,0.5428571428571429
19,PET필름(2차재심),392062,인도,이탈리아,2016.01,-0.5428571428571429,0,0.5428571428571429
20,침엽수 합판,441232,중국,인도네시아,2016.03,-0.5428571428571429,2,0.5428571428571429
23,합판(1차재심),4412,중국,러시아 연방,2017.05,-0.5428571428571429,3,0.5428571428571429
23,합판(1차재심),4412,중국,스웨덴,2017.05,-0.5428571428571429,3,0.5428571428571429
23,합판(1차재심),4412,중국,일본,2017.05,-0.5428571428571429,1,0.5428571428571429
24,옵셋인쇄판,370130,중국,벨기에,2017.09,-0.5428571428571429,3,0.5428571428571429
26,PET필름,392062,대만,독일,2018.04,-0.5428571428571429,3,0.5428571428571429
28,플로트판유리(3차재심),7005,중국,일본,2018.08,-0.5428571428571429,2,0.5428571428571429
31,OPP필름(1차재심),392020,인도네시아,인도,2019.08,-0.5428571428571429,1,0.5428571428571429
31,OPP필름(1차재심),392020,중국,영국,2019.08,-0.5428571428571429,2,0.5428571428571429
31,OPP필름(1차재심),392020,태국,베트남,2019.08,-0.5428571428571429,3,0.5428571428571429
32,PET필름(3차재심),392062,인도,독일,2019.09,-0.5428571428571429,1,0.5428571428571429
32,PET필름(3차재심),392062,인도,일본,2019.09,-0.5428571428571429,2,0.5428571428571429
32,PET필름(3차재심),392062,중국,독일,2019.09,-0.5428571428571429,1,0.5428571428571429
32,PET필름(3차재심),392062,중국,태국,2019.09,-0.5428571428571429,3,0.5428571428571429
33,스테인리스 스틸바,7222,일본,중국,2020.05,-0.5428571428571429,3,0.5428571428571429
34,합판,4412,말레이시아,인도네시아,2020.11,-0.5428571428571429,2,0.5428571428571429
37,스테인리스스틸바,7222,인도,스위스,2021.01,-0.5428571428571429,1,0.5428571428571429
37,스테인리스스틸바,7222,인도,이탈리아,2021.01,-0.5428571428571429,2,0.5428571428571429
37,스테인리스스틸바,7222,인도,포루투갈,2021.01,-0.5428571428571429,3,0.5428571428571429
37,스테인리스스틸바,7222,일본,미국,2021.01,-0.5428571428571429,0,0.5428571428571429
38,인쇄제판용 평면모양 사진 플레이트(옵셋 인쇄판),370130,중국,독일,2021.05,-0.5428571428571429,1,0.5428571428571429
39,PET필름,392062,대만,벨기에,2021.12,-0.5428571428571429,0,0.5428571428571429
39,PET필름,392062,대만,싱가포르,2021.12,-0.5428571428571429,1,0.5428571428571429
39,PET필름,392062,태국,벨기에,2021.12,-0.5428571428571429,0,0.5428571428571429
39,PET필름,392062,태국,싱가포르,2021.12,-0.5428571428571429,1,0.5428571428571429
40,플로트판유리,7005,중국,말레이시아,2022.04,-0.5428571428571429,0,0.5428571428571429
40,플로트판유리,7005,중국,미국,2022.04,-0.5428571428571429,3,0.5428571428571429
41,"인쇄제판용 평면모양 사진 플레이트(옵셋 인쇄판, 더블레이어 제품)",370130,중국,대만,2022.11,-0.5428571428571429,3,0.5428571428571429
44,이음매없는동관,7411,중국,일본,2023.03,-0.5428571428571429,3,0.5428571428571429
48,도공(coated) 인쇄용지,4810,일본,말레이시아,2024.03,-0.5428571428571429,3,0.5428571428571429
48,도공(coated) 인쇄용지,4810,일본,베트남,2024.03,-0.5428571428571429,3,0.5428571428571429
48,도공(coated) 인쇄용지,4810,중국,미국,2024.03,-0.5428571428571429,2,0.5428571428571429
48,도공(coated) 인쇄용지,4810,중국,싱가포르,2024.03,-0.5428571428571429,1,0.5428571428571429
48,도공(coated) 인쇄용지,4810,핀란드,미국,2024.03,-0.5428571428571429,1,0.5428571428571429
52,합판,4412,베트남,라트비아,2024.07,-0.5428571428571429,3,0.5428571428571429
54,OPP필름,392020,중국,오스트리아,2025.04,-0.5428571428571429,1,0.5428571428571429
54,OPP필름,392020,중국,인도,2025.04,-0.5428571428571429,2,0.5428571428571429
56,석유수지,391110,중국,네덜란드,2025.08,-0.5428571428571429,2,0.5428571428571429
59,탄소강과 그밖의 합금강 열간압연 후판제품,7208,중국,베트남,2025.11,-0.5428571428571429,0,0.5428571428571429
2,크라프트지(1차재심),4804,캐나다,말레이시아,2012.04,-0.5408987230262506,0,0.5408987230262506
4,알루미늄 보틀캔,761290,일본,영국,2013.01,-0.5408987230262506,2,0.5408987230262506
6,스테인레스스틸바(2차재심),7222,인도,필리핀,2013.11,-0.5408987230262506,1,0.5408987230262506
9,OPP필름,392020,인도네시아,싱가포르,2013.12,-0.5408987230262506,2,0.5408987230262506
20,침엽수 합판,441232,중국,스페인,2016.03,-0.5408987230262506,3,0.5408987230262506
26,PET필름,392062,태국,이스라엘,2018.04,-0.5408987230262506,3,0.5408987230262506
27,아연도금철선,721720,중국,벨기에,2018.08,-0.5408987230262506,1,0.5408987230262506
28,플로트판유리(3차재심),7005,중국,라트비아,2018.08,-0.5408987230262506,2,0.5408987230262506
32,PET필름(3차재심),392062,인도,튀르키예,2019.09,-0.5408987230262506,3,0.5408987230262506
32,PET필름(3차재심),392062,중국,튀르키예,2019.09,-0.5408987230262506,3,0.5408987230262506
44,이음매없는동관,7411,베트남,폴란드,2023.03,-0.5408987230262506,1,0.5408987230262506
48,도공(coated) 인쇄용지,4810,일본,홍콩,2024.03,-0.5408987230262506,3,0.5408987230262506
50,합판,4412,중국,슬로바키아,2024.07,-0.5408987230262506,2,0.5408987230262506
50,합판,4412,중국,태국,2024.07,-0.5408987230262506,3,0.5408987230262506
51,합판,4412,말레이시아,태국,2024.07,-0.5408987230262506,3,0.5408987230262506
3,폴리에스터 장섬유 부분연신사(1차재심),540246,대만,인도네시아,2012.07,-0.5393598899705937,3,0.5393598899705937
5,염화콜린(2차재심),292310,미국,러시아 연방,2013.08,-0.5313689313240573,1,0.5313689313240573
6,스테인레스스틸바(2차재심),7222,스페인,말레이시아,2013.11,-0.5313689313240573,2,0.5313689313240573
6,스테인레스스틸바(2차재심),7222,스페인,벨기에,2013.11,-0.5313689313240573,3,0.5313689313240573
6,스테인레스스틸바(2차재심),7222,스페인,아일랜드,2013.11,-0.5313689313240573,2,0.5313689313240573
6,스테인레스스틸바(2차재심),7222,스페인,체코공화국,2013.11,-0.5313689313240573,1,0.5313689313240573
6,스테인레스스틸바(2차재심),7222,스페인,파키스탄,2013.11,-0.5313689313240573,0,0.5313689313240573
6,스테인레스스틸바(2차재심),7222,스페인,호주,2013.11,-0.5313689313240573,0,0.5313689313240573
6,스테인레스스틸바(2차재심),7222,스페인,홍콩,2013.11,-0.5313689313240573,3,0.5313689313240573
21,부틸글리콜에테르,290943,프랑스,영국,2016.12,-0.5313689313240573,1,0.5313689313240573
42,부틸글리콜에테르,290943,프랑스,사우디아라비아,2022.07,-0.5313689313240573,0,0.5313689313240573
46,수산화알루미늄,281830,호주,보스니아-헤르체고비나,2023.04,-0.5313689313240573,3,0.5313689313240573
46,수산화알루미늄,281830,호주,스페인,2023.04,-0.5313689313240573,1,0.5313689313240573
46,수산화알루미늄,281830,호주,튀르키예,2023.04,-0.5313689313240573,1,0.5313689313240573
46,수산화알루미늄,281830,호주,폴란드,2023.04,-0.5313689313240573,2,0.5313689313240573
46,수산화알루미늄,281830,호주,헝가리,2023.04,-0.5313689313240573,1,0.5313689313240573
10,합판(1차재심),4412,말레이시아,스페인,2014.09,-0.5296408977028497,3,0.5296408977028497
35,합판,4412,중국,싱가포르,2020.11,-0.5246313898711126,1,0.5246313898711126
1,PET필름(1차재심),392062,중국,말레이시아,2012.05,-0.5217939320872036,3,0.5217939320872036
2,크라프트지(1차재심),4804,캐나다,남아프리카공화국,2012.04,-0.5217939320872036,1,0.5217939320872036
11,두꺼운 PET필름,392062,일본,이스라엘,2014.12,-0.5217939320872036,2,0.5217939320872036
19,PET필름(2차재심),392062,인도,프랑스,2016.01,-0.5217939320872036,2,0.5217939320872036
26,PET필름,392062,대만,싱가포르,2018.04,-0.5217939320872036,0,0.5217939320872036
36,합판,4412,베트남,미국,2020.11,-0.5217939320872036,2,0.5217939320872036
46,수산화알루미늄,281830,호주,네덜란드,2023.04,-0.5217939320872036,1,0.5217939320872036
46,수산화알루미늄,281830,호주,인도,2023.04,-0.5217939320872036,1,0.5217939320872036
56,석유수지,391110,중국,태국,2025.08,-0.5217939320872036,3,0.5217939320872036
59,탄소강과 그밖의 합금강 열간압연 후판제품,7208,중국,멕시코,2025.11,-0.5217939320872036,0,0.5217939320872036
1,PET필름(1차재심),392062,인도,프랑스,2012.05,-0.5161002296110789,3,0.5161002296110789
2,크라프트지(1차재심),4804,미국,이탈리아,2012.04,-0.5161002296110789,3,0.5161002296110789
12,플로트판유리(2차재심),7005,중국,오스트리아,2015.01,-0.5161002296110789,2,0.5161002296110789
14,합판(신규공급자조사),4412,중국,벨기에,2014.02,-0.5161002296110789,1,0.5161002296110789
15,합판(신규공급자조사),4412,중국,벨기에,2014.02,-0.5161002296110789,1,0.5161002296110789
16,합판(신규공급자조사),4412,중국,벨기에,2014.02,-0.5161002296110789,1,0.5161002296110789
32,PET필름(3차재심),392062,인도,프랑스,2019.09,-0.5161002296110789,2,0.5161002296110789
32,PET필름(3차재심),392062,중국,싱가포르,2019.09,-0.5161002296110789,3,0.5161002296110789
32,PET필름(3차재심),392062,중국,프랑스,2019.09,-0.5161002296110789,2,0.5161002296110789
36,합판,4412,베트남,슬로바키아,2020.11,-0.5161002296110789,3,0.5161002296110789
37,스테인리스스틸바,7222,스페인,슬로바키아,2021.01,-0.5161002296110789,1,0.5161002296110789
37,스테인리스스틸바,7222,스페인,아일랜드,2021.01,-0.5161002296110789,0,0.5161002296110789
48,도공(coated) 인쇄용지,4810,핀란드,인도네시아,2024.03,-0.5161002296110789,2,0.5161002296110789
51,합판,4412,말레이시아,스페인,2024.07,-0.5161002296110789,2,0.5161002296110789
54,OPP필름,392020,중국,벨기에,2025.04,-0.5161002296110789,3,0.5161002296110789
54,OPP필름,392020,중국,스페인,2025.04,-0.5161002296110789,1,0.5161002296110789
2,크라프트지(1차재심),4804,인도네시아,스웨덴,2012.04,-0.50709255283711,0,0.50709255283711
6,스테인레스스틸바(2차재심),7222,인도,스위스,2013.11,-0.50709255283711,1,0.50709255283711
7,합판,4412,중국,벨기에,2013.11,-0.50709255283711,3,0.50709255283711
9,OPP필름,392020,중국,호주,2013.12,-0.50709255283711,2,0.50709255283711
13,공기압 전송용 밸브,848120,일본,룩셈부르그,2015.08,-0.50709255283711,2,0.50709255283711
13,공기압 전송용 밸브,848120,일본,슬로베니아,2015.08,-0.50709255283711,2,0.50709255283711
17,초산에틸(2차재심),291531,싱가포르,미국,2015.11,-0.50709255283711,3,0.50709255283711
17,초산에틸(2차재심),291531,중국,이탈리아,2015.11,-0.50709255283711,3,0.50709255283711
26,PET필름,392062,태국,룩셈부르그,2018.04,-0.50709255283711,0,0.50709255283711
32,PET필름(3차재심),392062,인도,호주,2019.09,-0.50709255283711,3,0.50709255283711
32,PET필름(3차재심),392062,중국,아랍에미리트 연합,2019.09,-0.50709255283711,1,0.50709255283711
33,스테인리스 스틸바,7222,일본,말레이시아,2020.05,-0.50709255283711,1,0.50709255283711
35,합판,4412,중국,태국,2020.11,-0.50709255283711,3,0.50709255283711
36,합판,4412,베트남,태국,2020.11,-0.50709255283711,1,0.50709255283711
37,스테인리스스틸바,7222,스페인,노르웨이,2021.01,-0.50709255283711,2,0.50709255283711
37,스테인리스스틸바,7222,스페인,덴마크,2021.01,-0.50709255283711,1,0.50709255283711
37,스테인리스스틸바,7222,일본,싱가포르,2021.01,-0.50709255283711,2,0.50709255283711
38,인쇄제판용 평면모양 사진 플레이트(옵셋 인쇄판),370130,중국,영국,2021.05,-0.50709255283711,2,0.50709255283711
48,도공(coated) 인쇄용지,4810,일본,벨기에,2024.03,-0.50709255283711,0,0.50709255283711
48,도공(coated) 인쇄용지,4810,일본,캐나다,2024.03,-0.50709255283711,2,0.50709255283711
48,도공(coated) 인쇄용지,4810,핀란드,홍콩,2024.03,-0.50709255283711,2,0.50709255283711
50,합판,4412,중국,프랑스,2024.07,-0.50709255283711,2,0.50709255283711
54,OPP필름,392020,중국,캄보디아,2025.04,-0.50709255283711,0,0.50709255283711
