request_key,status,rows,error
"1|regulated_to_intermediary|156|842|392020|201312,201401,201402,201403,201404,201405,201406,201407,201408",ok,0,
"1|regulated_to_importer|156|410|392020|201312,201401,201402,201403,201404,201405,201406,201407,201408",ok,0,
"2|regulated_to_intermediary|246|458|4810|202403,202404,202405,202406,202407,202408,202409,202410,202411",ok,18,
"2|regulated_to_importer|246|410|4810|202403,202404,202405,202406,202407,202408,202409,202410,202411",ok,18,
"3|regulated_to_intermediary|458|642|4412|202407,202408,202409,202410,202411,202412,202501,202502,202503",ok,4,
"3|regulated_to_importer|458|410|4412|202407,202408,202409,202410,202411,202412,202501,202502,202503",ok,18,
"4|regulated_to_intermediary|764|276|392020|202504,202505,202506,202507,202508,202509,202510,202511,202512",ok,0,
"4|regulated_to_importer|764|410|392020|202504,202505,202506,202507,202508,202509,202510,202511,202512",ok,0,
"5|regulated_to_intermediary|124|70|4804|201204,201205,201206,201207,201208,201209,201210,201211,201212",ok,0,
"5|regulated_to_importer|124|410|4804|201204,201205,201206,201207,201208,201209,201210,201211,201212",ok,9,
"6|regulated_to_intermediary|490|586|392062|201804,201805,201806,201807,201808,201809,201810,201811,201812",ok,0,
"6|regulated_to_importer|490|410|392062|201804,201805,201806,201807,201808,201809,201810,201811,201812",ok,0,
"7|regulated_to_intermediary|842|752|4804|201204,201205,201206,201207,201208,201209,201210,201211,201212",ok,6,
"7|regulated_to_importer|842|410|4804|201204,201205,201206,201207,201208,201209,201210,201211,201212",ok,9,
"8|regulated_to_intermediary|156|276|4804|201204,201205,201206,201207,201208,201209,201210,201211,201212",ok,5,
"8|regulated_to_importer|156|410|4804|201204,201205,201206,201207,201208,201209,201210,201211,201212",ok,6,
"9|regulated_to_intermediary|392|757|761290|201301,201302,201303,201304,201305,201306,201307,201308,201309",ok,0,
"9|regulated_to_importer|392|410|761290|201301,201302,201303,201304,201305,201306,201307,201308,201309",ok,8,
"10|regulated_to_intermediary|699|158|7222|201311,201312,201401,201402,201403,201404,201405,201406,201407",ok,0,
"10|regulated_to_importer|699|410|7222|201311,201312,201401,201402,201403,201404,201405,201406,201407",ok,9,
"11|regulated_to_intermediary|699|752|7222|201311,201312,201401,201402,201403,201404,201405,201406,201407",ok,2,
"11|regulated_to_importer|699|410|7222|201311,201312,201401,201402,201403,201404,201405,201406,201407",ok,9,
"12|regulated_to_intermediary|156|608|392020|201312,201401,201402,201403,201404,201405,201406,201407,201408",ok,0,
"12|regulated_to_importer|156|410|392020|201312,201401,201402,201403,201404,201405,201406,201407,201408",ok,0,
"13|regulated_to_intermediary|156|344|392020|201312,201401,201402,201403,201404,201405,201406,201407,201408",ok,0,
"13|regulated_to_importer|156|410|392020|201312,201401,201402,201403,201404,201405,201406,201407,201408",ok,0,
"14|regulated_to_intermediary|764|826|392020|201312,201401,201402,201403,201404,201405,201406,201407,201408",ok,4,
"14|regulated_to_importer|764|410|392020|201312,201401,201402,201403,201404,201405,201406,201407,201408",ok,9,
"15|regulated_to_intermediary|458|428|4412|201409,201410,201411,201412,201501,201502,201503,201504,201505",ok,0,
"15|regulated_to_importer|458|410|4412|201409,201410,201411,201412,201501,201502,201503,201504,201505",ok,9,
"16|regulated_to_intermediary|458|380|4412|201409,201410,201411,201412,201501,201502,201503,201504,201505",ok,5,
"16|regulated_to_importer|458|410|4412|201409,201410,201411,201412,201501,201502,201503,201504,201505",ok,9,
"17|regulated_to_intermediary|392|616|848120|201508,201509,201510,201511,201512,201601,201602,201603,201604",ok,8,
"17|regulated_to_importer|392|410|848120|201508,201509,201510,201511,201512,201601,201602,201603,201604",ok,9,
"18|regulated_to_intermediary|156|380|392062|201601,201602,201603,201604,201605,201606,201607,201608,201609",ok,9,
"18|regulated_to_importer|156|410|392062|201601,201602,201603,201604,201605,201606,201607,201608,201609",ok,9,
"19|regulated_to_intermediary|156|360|392062|201601,201602,201603,201604,201605,201606,201607,201608,201609",ok,9,
"19|regulated_to_importer|156|410|392062|201601,201602,201603,201604,201605,201606,201607,201608,201609",ok,9,
"20|regulated_to_intermediary|458|842|4412|201705,201706,201707,201708,201709,201710,201711,201712,201801",ok,18,
"20|regulated_to_importer|458|410|4412|201705,201706,201707,201708,201709,201710,201711,201712,201801",ok,18,
"21|regulated_to_intermediary|458|704|4412|201705,201706,201707,201708,201709,201710,201711,201712,201801",ok,18,
"21|regulated_to_importer|458|410|4412|201705,201706,201707,201708,201709,201710,201711,201712,201801",ok,18,
"22|regulated_to_intermediary|156|704|392020|201908,201909,201910,201911,201912,202001,202002,202003,202004",ok,9,
"22|regulated_to_importer|156|410|392020|201908,201909,201910,201911,201912,202001,202002,202003,202004",ok,9,
"23|regulated_to_intermediary|458|724|4412|202011,202012,202101,202102,202103,202104,202105,202106,202107",ok,0,
"23|regulated_to_importer|458|410|4412|202011,202012,202101,202102,202103,202104,202105,202106,202107",ok,18,
"24|regulated_to_intermediary|156|392|4412|202011,202012,202101,202102,202103,202104,202105,202106,202107",ok,9,
"24|regulated_to_importer|156|410|4412|202011,202012,202101,202102,202103,202104,202105,202106,202107",ok,9,
"25|regulated_to_intermediary|704|56|4412|202011,202012,202101,202102,202103,202104,202105,202106,202107",ok,6,
"25|regulated_to_importer|704|410|4412|202011,202012,202101,202102,202103,202104,202105,202106,202107",ok,9,
"26|regulated_to_intermediary|156|842|370130|202211,202212,202301,202302,202303,202304,202305,202306,202307",ok,9,
"26|regulated_to_importer|156|410|370130|202211,202212,202301,202302,202303,202304,202305,202306,202307",ok,9,
"27|regulated_to_intermediary|156|608|4810|202403,202404,202405,202406,202407,202408,202409,202410,202411",ok,9,
"27|regulated_to_importer|156|410|4810|202403,202404,202405,202406,202407,202408,202409,202410,202411",ok,9,
"28|regulated_to_intermediary|246|380|4810|202403,202404,202405,202406,202407,202408,202409,202410,202411",ok,20,
"28|regulated_to_importer|246|410|4810|202403,202404,202405,202406,202407,202408,202409,202410,202411",ok,18,
"29|regulated_to_intermediary|156|360|4412|202407,202408,202409,202410,202411,202412,202501,202502,202503",ok,6,
"29|regulated_to_importer|156|410|4412|202407,202408,202409,202410,202411,202412,202501,202502,202503",ok,6,
"30|regulated_to_intermediary|458|428|4412|202407,202408,202409,202410,202411,202412,202501,202502,202503",ok,6,
"30|regulated_to_importer|458|410|4412|202407,202408,202409,202410,202411,202412,202501,202502,202503",ok,18,
"31|regulated_to_intermediary|458|348|4412|202407,202408,202409,202410,202411,202412,202501,202502,202503",ok,0,
"31|regulated_to_importer|458|410|4412|202407,202408,202409,202410,202411,202412,202501,202502,202503",ok,18,
"32|regulated_to_intermediary|458|757|4412|201409,201410,201411,201412,201501,201502,201503,201504,201505",ok,0,
"32|regulated_to_importer|458|410|4412|201409,201410,201411,201412,201501,201502,201503,201504,201505",ok,9,
"33|regulated_to_intermediary|458|826|4412|201409,201410,201411,201412,201501,201502,201503,201504,201505",ok,9,
"33|regulated_to_importer|458|410|4412|201409,201410,201411,201412,201501,201502,201503,201504,201505",ok,9,
"34|regulated_to_intermediary|156|579|4412|202011,202012,202101,202102,202103,202104,202105,202106,202107",ok,9,
"34|regulated_to_importer|156|410|4412|202011,202012,202101,202102,202103,202104,202105,202106,202107",ok,9,
"35|regulated_to_intermediary|699|380|392062|201205,201206,201207,201208,201209,201210,201211,201212,201301",ok,9,
"35|regulated_to_importer|699|410|392062|201205,201206,201207,201208,201209,201210,201211,201212,201301",ok,9,
"36|regulated_to_intermediary|842|203|4804|201204,201205,201206,201207,201208,201209,201210,201211,201212",ok,4,
"36|regulated_to_importer|842|410|4804|201204,201205,201206,201207,201208,201209,201210,201211,201212",ok,9,
"37|regulated_to_intermediary|156|233|4804|201204,201205,201206,201207,201208,201209,201210,201211,201212",ok,1,
"37|regulated_to_importer|156|410|4804|201204,201205,201206,201207,201208,201209,201210,201211,201212",ok,6,
"38|regulated_to_intermediary|156|251|4412|201402,201403,201404,201405,201406,201407,201408,201409,201410",ok,0,
"38|regulated_to_importer|156|410|4412|201402,201403,201404,201405,201406,201407,201408,201409,201410",ok,0,
"39|regulated_to_intermediary|156|251|4412|201402,201403,201404,201405,201406,201407,201408,201409,201410",ok,0,
"39|regulated_to_importer|156|410|4412|201402,201403,201404,201405,201406,201407,201408,201409,201410",ok,0,
"40|regulated_to_intermediary|156|251|4412|201402,201403,201404,201405,201406,201407,201408,201409,201410",ok,0,
"40|regulated_to_importer|156|410|4412|201402,201403,201404,201405,201406,201407,201408,201409,201410",ok,0,
"41|regulated_to_intermediary|458|152|4412|202407,202408,202409,202410,202411,202412,202501,202502,202503",ok,0,
"41|regulated_to_importer|458|410|4412|202407,202408,202409,202410,202411,202412,202501,202502,202503",ok,18,
"42|regulated_to_intermediary|724|156|7222|201311,201312,201401,201402,201403,201404,201405,201406,201407",ok,56,
"42|regulated_to_importer|724|410|7222|201311,201312,201401,201402,201403,201404,201405,201406,201407",ok,0,
"43|regulated_to_intermediary|392|203|761290|201301,201302,201303,201304,201305,201306,201307,201308,201309",ok,0,
"43|regulated_to_importer|392|410|761290|201301,201302,201303,201304,201305,201306,201307,201308,201309",ok,8,
"44|regulated_to_intermediary|764|48|392062|201804,201805,201806,201807,201808,201809,201810,201811,201812",ok,8,
"44|regulated_to_importer|764|410|392062|201804,201805,201806,201807,201808,201809,201810,201811,201812",ok,27,
"45|regulated_to_intermediary|156|158|4804|201204,201205,201206,201207,201208,201209,201210,201211,201212",ok,0,
"45|regulated_to_importer|156|410|4804|201204,201205,201206,201207,201208,201209,201210,201211,201212",ok,6,
"46|regulated_to_intermediary|156|643|4804|201204,201205,201206,201207,201208,201209,201210,201211,201212",ok,3,
"46|regulated_to_importer|156|410|4804|201204,201205,201206,201207,201208,201209,201210,201211,201212",ok,6,
"47|regulated_to_intermediary|124|40|4804|201204,201205,201206,201207,201208,201209,201210,201211,201212",ok,0,
"47|regulated_to_importer|124|410|4804|201204,201205,201206,201207,201208,201209,201210,201211,201212",ok,9,
"48|regulated_to_intermediary|392|156|761290|201301,201302,201303,201304,201305,201306,201307,201308,201309",ok,9,
"48|regulated_to_importer|392|410|761290|201301,201302,201303,201304,201305,201306,201307,201308,201309",ok,8,
"49|regulated_to_intermediary|699|842|7222|201311,201312,201401,201402,201403,201404,201405,201406,201407",ok,9,
"49|regulated_to_importer|699|410|7222|201311,201312,201401,201402,201403,201404,201405,201406,201407",ok,9,
"50|regulated_to_intermediary|699|156|7222|201311,201312,201401,201402,201403,201404,201405,201406,201407",ok,9,
"50|regulated_to_importer|699|410|7222|201311,201312,201401,201402,201403,201404,201405,201406,201407",ok,9,
"51|regulated_to_intermediary|156|704|392020|201312,201401,201402,201403,201404,201405,201406,201407,201408",ok,0,
"51|regulated_to_importer|156|410|392020|201312,201401,201402,201403,201404,201405,201406,201407,201408",ok,0,
"52|regulated_to_intermediary|392|458|392062|201412,201501,201502,201503,201504,201505,201506,201507,201508",ok,9,
"52|regulated_to_importer|392|410|392062|201412,201501,201502,201503,201504,201505,201506,201507,201508",ok,9,
"53|regulated_to_intermediary|156|246|441232|201603,201604,201605,201606,201607,201608,201609,201610,201611",ok,7,
"53|regulated_to_importer|156|410|441232|201603,201604,201605,201606,201607,201608,201609,201610,201611",ok,9,
"54|regulated_to_intermediary|156|392|370130|201709,201710,201711,201712,201801,201802,201803,201804,201805",ok,9,
"54|regulated_to_importer|156|410|370130|201709,201710,201711,201712,201801,201802,201803,201804,201805",ok,9,
"55|regulated_to_intermediary|764|344|392062|201804,201805,201806,201807,201808,201809,201810,201811,201812",ok,15,
"55|regulated_to_importer|764|410|392062|201804,201805,201806,201807,201808,201809,201810,201811,201812",ok,27,
"56|regulated_to_intermediary|156|158|392020|201908,201909,201910,201911,201912,202001,202002,202003,202004",ok,0,
"56|regulated_to_importer|156|410|392020|201908,201909,201910,201911,201912,202001,202002,202003,202004",ok,9,
"57|regulated_to_intermediary|156|842|392062|201909,201910,201911,201912,202001,202002,202003,202004,202005",ok,9,
"57|regulated_to_importer|156|410|392062|201909,201910,201911,201912,202001,202002,202003,202004,202005",ok,9,
"58|regulated_to_intermediary|156|842|4412|202011,202012,202101,202102,202103,202104,202105,202106,202107",ok,9,
"58|regulated_to_importer|156|410|4412|202011,202012,202101,202102,202103,202104,202105,202106,202107",ok,9,
"59|regulated_to_intermediary|699|276|7222|202101,202102,202103,202104,202105,202106,202107,202108,202109",ok,9,
"59|regulated_to_importer|699|410|7222|202101,202102,202103,202104,202105,202106,202107,202108,202109",ok,9,
"60|regulated_to_intermediary|699|705|7222|202101,202102,202103,202104,202105,202106,202107,202108,202109",ok,9,
"60|regulated_to_importer|699|410|7222|202101,202102,202103,202104,202105,202106,202107,202108,202109",ok,9,
"61|regulated_to_intermediary|392|158|7222|202101,202102,202103,202104,202105,202106,202107,202108,202109",ok,0,
"61|regulated_to_importer|392|410|7222|202101,202102,202103,202104,202105,202106,202107,202108,202109",ok,9,
"62|regulated_to_intermediary|490|608|392062|202112,202201,202202,202203,202204,202205,202206,202207,202208",ok,0,
"62|regulated_to_importer|490|410|392062|202112,202201,202202,202203,202204,202205,202206,202207,202208",ok,0,
"63|regulated_to_intermediary|764|608|392062|202112,202201,202202,202203,202204,202205,202206,202207,202208",ok,43,
"63|regulated_to_importer|764|410|392062|202112,202201,202202,202203,202204,202205,202206,202207,202208",ok,64,
"64|regulated_to_intermediary|156|276|7411|202303,202304,202305,202306,202307,202308,202309,202310,202311",ok,9,
"64|regulated_to_importer|156|410|7411|202303,202304,202305,202306,202307,202308,202309,202310,202311",ok,9,
"65|regulated_to_intermediary|392|554|4810|202403,202404,202405,202406,202407,202408,202409,202410,202411",ok,9,
"65|regulated_to_importer|392|410|4810|202403,202404,202405,202406,202407,202408,202409,202410,202411",ok,9,
"66|regulated_to_intermediary|246|40|4810|202403,202404,202405,202406,202407,202408,202409,202410,202411",ok,18,
"66|regulated_to_importer|246|410|4810|202403,202404,202405,202406,202407,202408,202409,202410,202411",ok,18,
"67|regulated_to_intermediary|392|764|4810|202403,202404,202405,202406,202407,202408,202409,202410,202411",ok,9,
"67|regulated_to_importer|392|410|4810|202403,202404,202405,202406,202407,202408,202409,202410,202411",ok,9,
"68|regulated_to_intermediary|156|428|7005|202204,202205,202206,202207,202208,202209,202210,202211,202212",ok,1,
"68|regulated_to_importer|156|410|7005|202204,202205,202206,202207,202208,202209,202210,202211,202212",ok,9,
"69|regulated_to_intermediary|704|724|4412|202407,202408,202409,202410,202411,202412,202501,202502,202503",ok,0,
"69|regulated_to_importer|704|410|4412|202407,202408,202409,202410,202411,202412,202501,202502,202503",ok,0,
"70|regulated_to_intermediary|490|251|391110|202508,202509,202510,202511,202512,202601,202602,202603,202604",ok,0,
"70|regulated_to_importer|490|410|391110|202508,202509,202510,202511,202512,202601,202602,202603,202604",ok,0,
"71|regulated_to_intermediary|704|608|4412|202011,202012,202101,202102,202103,202104,202105,202106,202107",ok,9,
"71|regulated_to_importer|704|410|4412|202011,202012,202101,202102,202103,202104,202105,202106,202107",ok,9,
"72|regulated_to_intermediary|704|203|7411|202303,202304,202305,202306,202307,202308,202309,202310,202311",ok,12,
"72|regulated_to_importer|704|410|7411|202303,202304,202305,202306,202307,202308,202309,202310,202311",ok,18,
"73|regulated_to_intermediary|699|56|392062|201205,201206,201207,201208,201209,201210,201211,201212,201301",ok,9,
"73|regulated_to_importer|699|410|392062|201205,201206,201207,201208,201209,201210,201211,201212,201301",ok,9,
"74|regulated_to_intermediary|699|757|392062|201205,201206,201207,201208,201209,201210,201211,201212,201301",ok,4,
"74|regulated_to_importer|699|410|392062|201205,201206,201207,201208,201209,201210,201211,201212,201301",ok,9,
"75|regulated_to_intermediary|156|56|392062|201205,201206,201207,201208,201209,201210,201211,201212,201301",ok,5,
"75|regulated_to_importer|156|410|392062|201205,201206,201207,201208,201209,201210,201211,201212,201301",ok,5,
"76|regulated_to_intermediary|156|757|392062|201205,201206,201207,201208,201209,201210,201211,201212,201301",ok,5,
"76|regulated_to_importer|156|410|392062|201205,201206,201207,201208,201209,201210,201211,201212,201301",ok,5,
"77|regulated_to_intermediary|156|76|4804|201204,201205,201206,201207,201208,201209,201210,201211,201212",ok,4,
"77|regulated_to_importer|156|410|4804|201204,201205,201206,201207,201208,201209,201210,201211,201212",ok,6,
"78|regulated_to_intermediary|392|608|7222|201311,201312,201401,201402,201403,201404,201405,201406,201407",ok,9,
"78|regulated_to_importer|392|410|7222|201311,201312,201401,201402,201403,201404,201405,201406,201407",ok,9,
"79|regulated_to_intermediary|156|858|4412|201311,201312,201401,201402,201403,201404,201405,201406,201407",ok,0,
"79|regulated_to_importer|156|410|4412|201311,201312,201401,201402,201403,201404,201405,201406,201407",ok,0,
"80|regulated_to_intermediary|156|699|4412|201311,201312,201401,201402,201403,201404,201405,201406,201407",ok,0,
"80|regulated_to_importer|156|410|4412|201311,201312,201401,201402,201403,201404,201405,201406,201407",ok,0,
"81|regulated_to_intermediary|156|608|4412|201311,201312,201401,201402,201403,201404,201405,201406,201407",ok,0,
"81|regulated_to_importer|156|410|4412|201311,201312,201401,201402,201403,201404,201405,201406,201407",ok,0,
"82|regulated_to_intermediary|458|112|5402|201312,201401,201402,201403,201404,201405,201406,201407,201408",ok,0,
"82|regulated_to_importer|458|410|5402|201312,201401,201402,201403,201404,201405,201406,201407,201408",ok,8,
"83|regulated_to_intermediary|156|792|392020|201312,201401,201402,201403,201404,201405,201406,201407,201408",ok,0,
"83|regulated_to_importer|156|410|392020|201312,201401,201402,201403,201404,201405,201406,201407,201408",ok,0,
"84|regulated_to_intermediary|764|757|392020|201312,201401,201402,201403,201404,201405,201406,201407,201408",ok,0,
"84|regulated_to_importer|764|410|392020|201312,201401,201402,201403,201404,201405,201406,201407,201408",ok,9,
"85|regulated_to_intermediary|458|702|4412|201409,201410,201411,201412,201501,201502,201503,201504,201505",ok,9,
"85|regulated_to_importer|458|410|4412|201409,201410,201411,201412,201501,201502,201503,201504,201505",ok,9,
"86|regulated_to_intermediary|458|124|4412|201409,201410,201411,201412,201501,201502,201503,201504,201505",ok,8,
"86|regulated_to_importer|458|410|4412|201409,201410,201411,201412,201501,201502,201503,201504,201505",ok,9,
"87|regulated_to_intermediary|156|699|4412|201402,201403,201404,201405,201406,201407,201408,201409,201410",ok,0,
"87|regulated_to_importer|156|410|4412|201402,201403,201404,201405,201406,201407,201408,201409,201410",ok,0,
"88|regulated_to_intermediary|156|699|4412|201402,201403,201404,201405,201406,201407,201408,201409,201410",ok,0,
"88|regulated_to_importer|156|410|4412|201402,201403,201404,201405,201406,201407,201408,201409,201410",ok,0,
"89|regulated_to_intermediary|156|699|4412|201402,201403,201404,201405,201406,201407,201408,201409,201410",ok,0,
"89|regulated_to_importer|156|410|4412|201402,201403,201404,201405,201406,201407,201408,201409,201410",ok,0,
"90|regulated_to_intermediary|392|826|291531|201907,201908,201909,201910,201911,201912,202001,202002,202003",ok,0,
"90|regulated_to_importer|392|410|291531|201907,201908,201909,201910,201911,201912,202001,202002,202003",ok,0,
"91|regulated_to_intermediary|156|710|291531|201907,201908,201909,201910,201911,201912,202001,202002,202003",ok,1,
"91|regulated_to_importer|156|410|291531|201907,201908,201909,201910,201911,201912,202001,202002,202003",ok,6,
"92|regulated_to_intermediary|699|784|392062|201909,201910,201911,201912,202001,202002,202003,202004,202005",ok,9,
"92|regulated_to_importer|699|410|392062|201909,201910,201911,201912,202001,202002,202003,202004,202005",ok,9,
"93|regulated_to_intermediary|704|418|4412|202011,202012,202101,202102,202103,202104,202105,202106,202107",ok,9,
"93|regulated_to_importer|704|410|4412|202011,202012,202101,202102,202103,202104,202105,202106,202107",ok,9,
"94|regulated_to_intermediary|699|372|7222|202101,202102,202103,202104,202105,202106,202107,202108,202109",ok,8,
"94|regulated_to_importer|699|410|7222|202101,202102,202103,202104,202105,202106,202107,202108,202109",ok,9,
"95|regulated_to_intermediary|490|442|392062|202112,202201,202202,202203,202204,202205,202206,202207,202208",ok,0,
"95|regulated_to_importer|490|410|392062|202112,202201,202202,202203,202204,202205,202206,202207,202208",ok,0,
"96|regulated_to_intermediary|490|792|392062|202112,202201,202202,202203,202204,202205,202206,202207,202208",ok,0,
"96|regulated_to_importer|490|410|392062|202112,202201,202202,202203,202204,202205,202206,202207,202208",ok,0,
"97|regulated_to_intermediary|764|442|392062|202112,202201,202202,202203,202204,202205,202206,202207,202208",ok,0,
"97|regulated_to_importer|764|410|392062|202112,202201,202202,202203,202204,202205,202206,202207,202208",ok,64,
"98|regulated_to_intermediary|764|792|392062|202112,202201,202202,202203,202204,202205,202206,202207,202208",ok,26,
"98|regulated_to_importer|764|410|392062|202112,202201,202202,202203,202204,202205,202206,202207,202208",ok,64,
"99|regulated_to_intermediary|156|56|4810|202403,202404,202405,202406,202407,202408,202409,202410,202411",ok,8,
"99|regulated_to_importer|156|410|4810|202403,202404,202405,202406,202407,202408,202409,202410,202411",ok,9,
"100|regulated_to_intermediary|156|724|4810|202403,202404,202405,202406,202407,202408,202409,202410,202411",ok,9,
"100|regulated_to_importer|156|410|4810|202403,202404,202405,202406,202407,202408,202409,202410,202411",ok,9,
"101|regulated_to_intermediary|156|124|4810|202403,202404,202405,202406,202407,202408,202409,202410,202411",ok,9,
"101|regulated_to_importer|156|410|4810|202403,202404,202405,202406,202407,202408,202409,202410,202411",ok,9,
"102|regulated_to_intermediary|458|703|4412|202407,202408,202409,202410,202411,202412,202501,202502,202503",ok,0,
"102|regulated_to_importer|458|410|4412|202407,202408,202409,202410,202411,202412,202501,202502,202503",ok,18,
"103|regulated_to_intermediary|704|703|4412|202407,202408,202409,202410,202411,202412,202501,202502,202503",ok,0,
"103|regulated_to_importer|704|410|4412|202407,202408,202409,202410,202411,202412,202501,202502,202503",ok,0,
"104|regulated_to_intermediary|704|158|7220|202507,202508,202509,202510,202511,202512,202601,202602,202603",ok,0,
"104|regulated_to_importer|704|410|7220|202507,202508,202509,202510,202511,202512,202601,202602,202603",ok,0,
"105|regulated_to_intermediary|360|276|4804|201204,201205,201206,201207,201208,201209,201210,201211,201212",ok,0,
"105|regulated_to_importer|360|410|4804|201204,201205,201206,201207,201208,201209,201210,201211,201212",ok,0,
"106|regulated_to_intermediary|682|392|290943|202209,202210,202211,202212,202301,202302,202303,202304,202305",ok,1,
"106|regulated_to_importer|682|410|290943|202209,202210,202211,202212,202301,202302,202303,202304,202305",ok,9,
"107|regulated_to_intermediary|392|842|291531|201203,201204,201205,201206,201207,201208,201209,201210,201211",ok,0,
"107|regulated_to_importer|392|410|291531|201203,201204,201205,201206,201207,201208,201209,201210,201211",ok,1,
"108|regulated_to_intermediary|156|276|441232|201603,201604,201605,201606,201607,201608,201609,201610,201611",ok,9,
"108|regulated_to_importer|156|410|441232|201603,201604,201605,201606,201607,201608,201609,201610,201611",ok,9,
"109|regulated_to_intermediary|490|344|392062|201804,201805,201806,201807,201808,201809,201810,201811,201812",ok,0,
"109|regulated_to_importer|490|410|392062|201804,201805,201806,201807,201808,201809,201810,201811,201812",ok,0,
"110|regulated_to_intermediary|392|251|7222|202005,202006,202007,202008,202009,202010,202011,202012,202101",ok,2,
"110|regulated_to_importer|392|410|7222|202005,202006,202007,202008,202009,202010,202011,202012,202101",ok,9,
"111|regulated_to_intermediary|156|158|390761|202411,202412,202501,202502,202503,202504,202505,202506,202507",ok,0,
"111|regulated_to_importer|156|410|390761|202411,202412,202501,202502,202503,202504,202505,202506,202507",ok,2,
"112|regulated_to_intermediary|36|203|281830|202304,202305,202306,202307,202308,202309,202310,202311,202312",ok,0,
"112|regulated_to_importer|36|410|281830|202304,202305,202306,202307,202308,202309,202310,202311,202312",ok,4,
"113|regulated_to_intermediary|392|528|4810|202403,202404,202405,202406,202407,202408,202409,202410,202411",ok,9,
"113|regulated_to_importer|392|410|4810|202403,202404,202405,202406,202407,202408,202409,202410,202411",ok,9,
"114|regulated_to_intermediary|842|554|4804|201204,201205,201206,201207,201208,201209,201210,201211,201212",ok,9,
"114|regulated_to_importer|842|410|4804|201204,201205,201206,201207,201208,201209,201210,201211,201212",ok,9,
"115|regulated_to_intermediary|842|40|4804|201204,201205,201206,201207,201208,201209,201210,201211,201212",ok,9,
"115|regulated_to_importer|842|410|4804|201204,201205,201206,201207,201208,201209,201210,201211,201212",ok,9,
"116|regulated_to_intermediary|842|616|4804|201204,201205,201206,201207,201208,201209,201210,201211,201212",ok,9,
"116|regulated_to_importer|842|410|4804|201204,201205,201206,201207,201208,201209,201210,201211,201212",ok,9,
"117|regulated_to_intermediary|156|70|4804|201204,201205,201206,201207,201208,201209,201210,201211,201212",ok,0,
"117|regulated_to_importer|156|410|4804|201204,201205,201206,201207,201208,201209,201210,201211,201212",ok,6,
"118|regulated_to_intermediary|156|764|4804|201204,201205,201206,201207,201208,201209,201210,201211,201212",ok,6,
"118|regulated_to_importer|156|410|4804|201204,201205,201206,201207,201208,201209,201210,201211,201212",ok,6,
"119|regulated_to_intermediary|156|251|4804|201204,201205,201206,201207,201208,201209,201210,201211,201212",ok,0,
"119|regulated_to_importer|156|410|4804|201204,201205,201206,201207,201208,201209,201210,201211,201212",ok,6,
"120|regulated_to_intermediary|124|643|4804|201204,201205,201206,201207,201208,201209,201210,201211,201212",ok,0,
"120|regulated_to_importer|124|410|4804|201204,201205,201206,201207,201208,201209,201210,201211,201212",ok,9,
"121|regulated_to_intermediary|124|246|4804|201204,201205,201206,201207,201208,201209,201210,201211,201212",ok,1,
"121|regulated_to_importer|124|410|4804|201204,201205,201206,201207,201208,201209,201210,201211,201212",ok,9,
"122|regulated_to_intermediary|699|40|7222|201311,201312,201401,201402,201403,201404,201405,201406,201407",ok,7,
"122|regulated_to_importer|699|410|7222|201311,201312,201401,201402,201403,201404,201405,201406,201407",ok,9,
"123|regulated_to_intermediary|392|380|7222|201311,201312,201401,201402,201403,201404,201405,201406,201407",ok,4,
"123|regulated_to_importer|392|410|7222|201311,201312,201401,201402,201403,201404,201405,201406,201407",ok,9,
"124|regulated_to_intermediary|156|40|4412|201311,201312,201401,201402,201403,201404,201405,201406,201407",ok,0,
"124|regulated_to_importer|156|410|4412|201311,201312,201401,201402,201403,201404,201405,201406,201407",ok,0,
"125|regulated_to_intermediary|490|724|5402|201312,201401,201402,201403,201404,201405,201406,201407,201408",ok,0,
"125|regulated_to_importer|490|410|5402|201312,201401,201402,201403,201404,201405,201406,201407,201408",ok,0,
"126|regulated_to_intermediary|156|757|5402|201312,201401,201402,201403,201404,201405,201406,201407,201408",ok,0,
"126|regulated_to_importer|156|410|5402|201312,201401,201402,201403,201404,201405,201406,201407,201408",ok,0,
"127|regulated_to_intermediary|156|124|5402|201312,201401,201402,201403,201404,201405,201406,201407,201408",ok,0,
"127|regulated_to_importer|156|410|5402|201312,201401,201402,201403,201404,201405,201406,201407,201408",ok,0,
"128|regulated_to_intermediary|360|392|392020|201312,201401,201402,201403,201404,201405,201406,201407,201408",ok,9,
"128|regulated_to_importer|360|410|392020|201312,201401,201402,201403,201404,201405,201406,201407,201408",ok,9,
"129|regulated_to_intermediary|764|251|392020|201312,201401,201402,201403,201404,201405,201406,201407,201408",ok,2,
"129|regulated_to_importer|764|410|392020|201312,201401,201402,201403,201404,201405,201406,201407,201408",ok,9,
"130|regulated_to_intermediary|156|360|4412|201402,201403,201404,201405,201406,201407,201408,201409,201410",ok,0,
"130|regulated_to_importer|156|410|4412|201402,201403,201404,201405,201406,201407,201408,201409,201410",ok,0,
"131|regulated_to_intermediary|156|360|4412|201402,201403,201404,201405,201406,201407,201408,201409,201410",ok,0,
"131|regulated_to_importer|156|410|4412|201402,201403,201404,201405,201406,201407,201408,201409,201410",ok,0,
"132|regulated_to_intermediary|156|360|4412|201402,201403,201404,201405,201406,201407,201408,201409,201410",ok,0,
"132|regulated_to_importer|156|410|4412|201402,201403,201404,201405,201406,201407,201408,201409,201410",ok,0,
"133|regulated_to_intermediary|392|842|291531|201511,201512,201601,201602,201603,201604,201605,201606,201607",ok,2,
"133|regulated_to_importer|392|410|291531|201511,201512,201601,201602,201603,201604,201605,201606,201607",ok,0,
"134|regulated_to_intermediary|458|392|4412|201705,201706,201707,201708,201709,201710,201711,201712,201801",ok,18,
"134|regulated_to_importer|458|410|4412|201705,201706,201707,201708,201709,201710,201711,201712,201801",ok,18,
"135|regulated_to_intermediary|764|392|392062|201804,201805,201806,201807,201808,201809,201810,201811,201812",ok,26,
"135|regulated_to_importer|764|410|392062|201804,201805,201806,201807,201808,201809,201810,201811,201812",ok,27,
"136|regulated_to_intermediary|156|392|392062|201909,201910,201911,201912,202001,202002,202003,202004,202005",ok,9,
"136|regulated_to_importer|156|410|392062|201909,201910,201911,201912,202001,202002,202003,202004,202005",ok,9,
"137|regulated_to_intermediary|392|158|7222|202005,202006,202007,202008,202009,202010,202011,202012,202101",ok,0,
"137|regulated_to_importer|392|410|7222|202005,202006,202007,202008,202009,202010,202011,202012,202101",ok,9,
"138|regulated_to_intermediary|458|428|4412|202011,202012,202101,202102,202103,202104,202105,202106,202107",ok,0,
"138|regulated_to_importer|458|410|4412|202011,202012,202101,202102,202103,202104,202105,202106,202107",ok,18,
"139|regulated_to_intermediary|704|156|4412|202011,202012,202101,202102,202103,202104,202105,202106,202107",ok,8,
"139|regulated_to_importer|704|410|4412|202011,202012,202101,202102,202103,202104,202105,202106,202107",ok,9,
"140|regulated_to_intermediary|392|804|7222|202101,202102,202103,202104,202105,202106,202107,202108,202109",ok,0,
"140|regulated_to_importer|392|410|7222|202101,202102,202103,202104,202105,202106,202107,202108,202109",ok,9,
"141|regulated_to_intermediary|156|360|7005|202204,202205,202206,202207,202208,202209,202210,202211,202212",ok,9,
"141|regulated_to_importer|156|410|7005|202204,202205,202206,202207,202208,202209,202210,202211,202212",ok,9,
"142|regulated_to_intermediary|156|344|370130|202211,202212,202301,202302,202303,202304,202305,202306,202307",ok,9,
"142|regulated_to_importer|156|410|370130|202211,202212,202301,202302,202303,202304,202305,202306,202307",ok,9,
"143|regulated_to_intermediary|156|842|7411|202303,202304,202305,202306,202307,202308,202309,202310,202311",ok,9,
"143|regulated_to_importer|156|410|7411|202303,202304,202305,202306,202307,202308,202309,202310,202311",ok,9,
"144|regulated_to_intermediary|246|158|4810|202403,202404,202405,202406,202407,202408,202409,202410,202411",ok,0,
"144|regulated_to_importer|246|410|4810|202403,202404,202405,202406,202407,202408,202409,202410,202411",ok,18,
"145|regulated_to_intermediary|156|376|390761|202411,202412,202501,202502,202503,202504,202505,202506,202507",ok,2,
"145|regulated_to_importer|156|410|390761|202411,202412,202501,202502,202503,202504,202505,202506,202507",ok,2,
"146|regulated_to_intermediary|156|276|392020|202504,202505,202506,202507,202508,202509,202510,202511,202512",ok,0,
"146|regulated_to_importer|156|410|392020|202504,202505,202506,202507,202508,202509,202510,202511,202512",ok,0,
"147|regulated_to_intermediary|156|458|392020|202504,202505,202506,202507,202508,202509,202510,202511,202512",ok,0,
"147|regulated_to_importer|156|410|392020|202504,202505,202506,202507,202508,202509,202510,202511,202512",ok,0,
"148|regulated_to_intermediary|764|699|392020|202504,202505,202506,202507,202508,202509,202510,202511,202512",ok,0,
"148|regulated_to_importer|764|410|392020|202504,202505,202506,202507,202508,202509,202510,202511,202512",ok,0,
"149|regulated_to_intermediary|490|528|391110|202508,202509,202510,202511,202512,202601,202602,202603,202604",ok,0,
"149|regulated_to_importer|490|410|391110|202508,202509,202510,202511,202512,202601,202602,202603,202604",ok,0,
"150|regulated_to_intermediary|392|380|291531|201203,201204,201205,201206,201207,201208,201209,201210,201211",ok,0,
"150|regulated_to_importer|392|410|291531|201203,201204,201205,201206,201207,201208,201209,201210,201211",ok,1,
"151|regulated_to_intermediary|704|579|720230|202307,202308,202309,202310,202311,202312,202401,202402,202403",ok,0,
"151|regulated_to_importer|704|410|720230|202307,202308,202309,202310,202311,202312,202401,202402,202403",ok,12,
"152|regulated_to_intermediary|704|642|7220|202507,202508,202509,202510,202511,202512,202601,202602,202603",ok,0,
"152|regulated_to_importer|704|410|7220|202507,202508,202509,202510,202511,202512,202601,202602,202603",ok,0,
"153|regulated_to_intermediary|490|704|391110|202508,202509,202510,202511,202512,202601,202602,202603,202604",ok,0,
"153|regulated_to_importer|490|410|391110|202508,202509,202510,202511,202512,202601,202602,202603,202604",ok,0,
"154|regulated_to_intermediary|156|704|391110|202508,202509,202510,202511,202512,202601,202602,202603,202604",ok,0,
"154|regulated_to_importer|156|410|391110|202508,202509,202510,202511,202512,202601,202602,202603,202604",ok,0,
"155|regulated_to_intermediary|156|40|392020|201312,201401,201402,201403,201404,201405,201406,201407,201408",ok,0,
"155|regulated_to_importer|156|410|392020|201312,201401,201402,201403,201404,201405,201406,201407,201408",ok,0,
"156|regulated_to_intermediary|764|100|392020|202504,202505,202506,202507,202508,202509,202510,202511,202512",ok,0,
"156|regulated_to_importer|764|410|392020|202504,202505,202506,202507,202508,202509,202510,202511,202512",ok,0,
"157|regulated_to_intermediary|764|792|392020|202504,202505,202506,202507,202508,202509,202510,202511,202512",ok,0,
"157|regulated_to_importer|764|410|392020|202504,202505,202506,202507,202508,202509,202510,202511,202512",ok,0,
"158|regulated_to_intermediary|842|70|4804|201204,201205,201206,201207,201208,201209,201210,201211,201212",ok,0,
"158|regulated_to_importer|842|410|4804|201204,201205,201206,201207,201208,201209,201210,201211,201212",ok,9,
"159|regulated_to_intermediary|156|380|392020|201312,201401,201402,201403,201404,201405,201406,201407,201408",ok,0,
"159|regulated_to_importer|156|410|392020|201312,201401,201402,201403,201404,201405,201406,201407,201408",ok,0,
"160|regulated_to_intermediary|392|702|848120|201508,201509,201510,201511,201512,201601,201602,201603,201604",ok,9,
"160|regulated_to_importer|392|410|848120|201508,201509,201510,201511,201512,201601,201602,201603,201604",ok,9,
"161|regulated_to_intermediary|156|40|4412|201402,201403,201404,201405,201406,201407,201408,201409,201410",ok,0,
"161|regulated_to_importer|156|410|4412|201402,201403,201404,201405,201406,201407,201408,201409,201410",ok,0,
"162|regulated_to_intermediary|156|40|4412|201402,201403,201404,201405,201406,201407,201408,201409,201410",ok,0,
"162|regulated_to_importer|156|410|4412|201402,201403,201404,201405,201406,201407,201408,201409,201410",ok,0,
"163|regulated_to_intermediary|156|40|4412|201402,201403,201404,201405,201406,201407,201408,201409,201410",ok,0,
"163|regulated_to_importer|156|410|4412|201402,201403,201404,201405,201406,201407,201408,201409,201410",ok,0,
"164|regulated_to_intermediary|156|380|392062|201909,201910,201911,201912,202001,202002,202003,202004,202005",ok,9,
"164|regulated_to_importer|156|410|392062|201909,201910,201911,201912,202001,202002,202003,202004,202005",ok,9,
"165|regulated_to_intermediary|156|608|4412|202011,202012,202101,202102,202103,202104,202105,202106,202107",ok,9,
"165|regulated_to_importer|156|410|4412|202011,202012,202101,202102,202103,202104,202105,202106,202107",ok,9,
"166|regulated_to_intermediary|156|380|4412|202407,202408,202409,202410,202411,202412,202501,202502,202503",ok,6,
"166|regulated_to_importer|156|410|4412|202407,202408,202409,202410,202411,202412,202501,202502,202503",ok,6,
"167|regulated_to_intermediary|156|32|7208|202511,202512,202601,202602,202603,202604,202605,202606,202607",ok,0,
"167|regulated_to_importer|156|410|7208|202511,202512,202601,202602,202603,202604,202605,202606,202607",ok,0,
"168|regulated_to_intermediary|724|528|7222|201311,201312,201401,201402,201403,201404,201405,201406,201407",ok,72,
"168|regulated_to_importer|724|410|7222|201311,201312,201401,201402,201403,201404,201405,201406,201407",ok,0,
"169|regulated_to_intermediary|724|704|7222|201311,201312,201401,201402,201403,201404,201405,201406,201407",ok,0,
"169|regulated_to_importer|724|410|7222|201311,201312,201401,201402,201403,201404,201405,201406,201407",ok,0,
"170|regulated_to_intermediary|724|579|7222|201311,201312,201401,201402,201403,201404,201405,201406,201407",ok,40,
"170|regulated_to_importer|724|410|7222|201311,201312,201401,201402,201403,201404,201405,201406,201407",ok,0,
"171|regulated_to_intermediary|458|344|5402|201312,201401,201402,201403,201404,201405,201406,201407,201408",ok,4,
"171|regulated_to_importer|458|410|5402|201312,201401,201402,201403,201404,201405,201406,201407,201408",ok,8,
"172|regulated_to_intermediary|156|724|291531|201203,201204,201205,201206,201207,201208,201209,201210,201211",ok,2,
"172|regulated_to_importer|156|410|291531|201203,201204,201205,201206,201207,201208,201209,201210,201211",ok,7,
"173|regulated_to_intermediary|156|724|4804|201204,201205,201206,201207,201208,201209,201210,201211,201212",ok,6,
"173|regulated_to_importer|156|410|4804|201204,201205,201206,201207,201208,201209,201210,201211,201212",ok,6,
"174|regulated_to_intermediary|124|344|4804|201204,201205,201206,201207,201208,201209,201210,201211,201212",ok,0,
"174|regulated_to_importer|124|410|4804|201204,201205,201206,201207,201208,201209,201210,201211,201212",ok,9,
"175|regulated_to_intermediary|490|112|5402|201312,201401,201402,201403,201404,201405,201406,201407,201408",ok,0,
"175|regulated_to_importer|490|410|5402|201312,201401,201402,201403,201404,201405,201406,201407,201408",ok,0,
"176|regulated_to_intermediary|360|36|392020|201312,201401,201402,201403,201404,201405,201406,201407,201408",ok,9,
"176|regulated_to_importer|360|410|392020|201312,201401,201402,201403,201404,201405,201406,201407,201408",ok,9,
"177|regulated_to_intermediary|458|705|4412|201409,201410,201411,201412,201501,201502,201503,201504,201505",ok,0,
"177|regulated_to_importer|458|410|4412|201409,201410,201411,201412,201501,201502,201503,201504,201505",ok,9,
"178|regulated_to_intermediary|392|458|848120|201508,201509,201510,201511,201512,201601,201602,201603,201604",ok,9,
"178|regulated_to_importer|392|410|848120|201508,201509,201510,201511,201512,201601,201602,201603,201604",ok,9,
"179|regulated_to_intermediary|156|620|4412|201402,201403,201404,201405,201406,201407,201408,201409,201410",ok,0,
"179|regulated_to_importer|156|410|4412|201402,201403,201404,201405,201406,201407,201408,201409,201410",ok,0,
"180|regulated_to_intermediary|156|620|4412|201402,201403,201404,201405,201406,201407,201408,201409,201410",ok,0,
"180|regulated_to_importer|156|410|4412|201402,201403,201404,201405,201406,201407,201408,201409,201410",ok,0,
"181|regulated_to_intermediary|156|620|4412|201402,201403,201404,201405,201406,201407,201408,201409,201410",ok,0,
"181|regulated_to_importer|156|410|4412|201402,201403,201404,201405,201406,201407,201408,201409,201410",ok,0,
"182|regulated_to_intermediary|156|376|392062|201601,201602,201603,201604,201605,201606,201607,201608,201609",ok,9,
"182|regulated_to_importer|156|410|392062|201601,201602,201603,201604,201605,201606,201607,201608,201609",ok,9,
"183|regulated_to_intermediary|156|608|392062|201601,201602,201603,201604,201605,201606,201607,201608,201609",ok,9,
"183|regulated_to_importer|156|410|392062|201601,201602,201603,201604,201605,201606,201607,201608,201609",ok,9,
"184|regulated_to_intermediary|156|724|370130|201709,201710,201711,201712,201801,201802,201803,201804,201805",ok,9,
"184|regulated_to_importer|156|410|370130|201709,201710,201711,201712,201801,201802,201803,201804,201805",ok,9,
"185|regulated_to_intermediary|764|724|392062|201804,201805,201806,201807,201808,201809,201810,201811,201812",ok,14,
"185|regulated_to_importer|764|410|392062|201804,201805,201806,201807,201808,201809,201810,201811,201812",ok,27,
"186|regulated_to_intermediary|156|699|7005|201808,201809,201810,201811,201812,201901,201902,201903,201904",ok,9,
"186|regulated_to_importer|156|410|7005|201808,201809,201810,201811,201812,201901,201902,201903,201904",ok,9,
"187|regulated_to_intermediary|156|724|291531|201907,201908,201909,201910,201911,201912,202001,202002,202003",ok,9,
"187|regulated_to_importer|156|410|291531|201907,201908,201909,201910,201911,201912,202001,202002,202003",ok,6,
"188|regulated_to_intermediary|699|616|392062|201909,201910,201911,201912,202001,202002,202003,202004,202005",ok,9,
"188|regulated_to_importer|699|410|392062|201909,201910,201911,201912,202001,202002,202003,202004,202005",ok,9,
"189|regulated_to_intermediary|392|579|7222|202101,202102,202103,202104,202105,202106,202107,202108,202109",ok,0,
"189|regulated_to_importer|392|410|7222|202101,202102,202103,202104,202105,202106,202107,202108,202109",ok,9,
"190|regulated_to_intermediary|392|208|7222|202101,202102,202103,202104,202105,202106,202107,202108,202109",ok,2,
"190|regulated_to_importer|392|410|7222|202101,202102,202103,202104,202105,202106,202107,202108,202109",ok,9,
"191|regulated_to_intermediary|156|616|7411|202303,202304,202305,202306,202307,202308,202309,202310,202311",ok,9,
"191|regulated_to_importer|156|410|7411|202303,202304,202305,202306,202307,202308,202309,202310,202311",ok,9,
"192|regulated_to_intermediary|156|752|4412|202407,202408,202409,202410,202411,202412,202501,202502,202503",ok,6,
"192|regulated_to_importer|156|410|4412|202407,202408,202409,202410,202411,202412,202501,202502,202503",ok,6,
"193|regulated_to_intermediary|458|276|4412|202407,202408,202409,202410,202411,202412,202501,202502,202503",ok,4,
"193|regulated_to_importer|458|410|4412|202407,202408,202409,202410,202411,202412,202501,202502,202503",ok,18,
"194|regulated_to_intermediary|704|276|4412|202407,202408,202409,202410,202411,202412,202501,202502,202503",ok,0,
"194|regulated_to_importer|704|410|4412|202407,202408,202409,202410,202411,202412,202501,202502,202503",ok,0,
"195|regulated_to_intermediary|156|752|390761|202411,202412,202501,202502,202503,202504,202505,202506,202507",ok,0,
"195|regulated_to_importer|156|410|390761|202411,202412,202501,202502,202503,202504,202505,202506,202507",ok,2,
"196|regulated_to_intermediary|490|276|391110|202508,202509,202510,202511,202512,202601,202602,202603,202604",ok,0,
"196|regulated_to_importer|490|410|391110|202508,202509,202510,202511,202512,202601,202602,202603,202604",ok,0,
"197|regulated_to_intermediary|156|276|391110|202508,202509,202510,202511,202512,202601,202602,202603,202604",ok,0,
"197|regulated_to_importer|156|410|391110|202508,202509,202510,202511,202512,202601,202602,202603,202604",ok,0,
"198|regulated_to_intermediary|156|380|7208|202511,202512,202601,202602,202603,202604,202605,202606,202607",ok,0,
"198|regulated_to_importer|156|410|7208|202511,202512,202601,202602,202603,202604,202605,202606,202607",ok,0,
"199|regulated_to_intermediary|156|616|7208|202511,202512,202601,202602,202603,202604,202605,202606,202607",ok,0,
"199|regulated_to_importer|156|410|7208|202511,202512,202601,202602,202603,202604,202605,202606,202607",ok,0,
"200|regulated_to_intermediary|156|826|291531|201203,201204,201205,201206,201207,201208,201209,201210,201211",ok,4,
"200|regulated_to_importer|156|410|291531|201203,201204,201205,201206,201207,201208,201209,201210,201211",ok,7,
"201|regulated_to_intermediary|392|699|291531|201203,201204,201205,201206,201207,201208,201209,201210,201211",ok,0,
"201|regulated_to_importer|392|410|291531|201203,201204,201205,201206,201207,201208,201209,201210,201211",ok,1,
"202|regulated_to_intermediary|699|842|392062|201205,201206,201207,201208,201209,201210,201211,201212,201301",ok,9,
"202|regulated_to_importer|699|410|392062|201205,201206,201207,201208,201209,201210,201211,201212,201301",ok,9,
"203|regulated_to_intermediary|156|158|392062|201205,201206,201207,201208,201209,201210,201211,201212,201301",ok,0,
"203|regulated_to_importer|156|410|392062|201205,201206,201207,201208,201209,201210,201211,201212,201301",ok,5,
"204|regulated_to_intermediary|156|392|4804|201204,201205,201206,201207,201208,201209,201210,201211,201212",ok,6,
"204|regulated_to_importer|156|410|4804|201204,201205,201206,201207,201208,201209,201210,201211,201212",ok,6,
"205|regulated_to_intermediary|156|616|4804|201204,201205,201206,201207,201208,201209,201210,201211,201212",ok,5,
"205|regulated_to_importer|156|410|4804|201204,201205,201206,201207,201208,201209,201210,201211,201212",ok,6,
"206|regulated_to_intermediary|392|251|761290|201301,201302,201303,201304,201305,201306,201307,201308,201309",ok,1,
"206|regulated_to_importer|392|410|761290|201301,201302,201303,201304,201305,201306,201307,201308,201309",ok,8,
"207|regulated_to_intermediary|392|702|7222|201311,201312,201401,201402,201403,201404,201405,201406,201407",ok,9,
"207|regulated_to_importer|392|410|7222|201311,201312,201401,201402,201403,201404,201405,201406,201407",ok,9,
"208|regulated_to_intermediary|458|276|5402|201312,201401,201402,201403,201404,201405,201406,201407,201408",ok,8,
"208|regulated_to_importer|458|410|5402|201312,201401,201402,201403,201404,201405,201406,201407,201408",ok,8,
"209|regulated_to_intermediary|458|704|5402|201312,201401,201402,201403,201404,201405,201406,201407,201408",ok,8,
"209|regulated_to_importer|458|410|5402|201312,201401,201402,201403,201404,201405,201406,201407,201408",ok,8,
"210|regulated_to_intermediary|458|757|5402|201312,201401,201402,201403,201404,201405,201406,201407,201408",ok,0,
"210|regulated_to_importer|458|410|5402|201312,201401,201402,201403,201404,201405,201406,201407,201408",ok,8,
